Date,LBS,Year,IndexbyYear
2007-01-06 00:00:00.000,411,2007,1
2007-01-13 00:00:00.000,465.1,2007,2
2007-01-20 00:00:00.000,482.3,2007,3
2007-01-27 00:00:00.000,487.3,2007,4
2007-02-03 00:00:00.000,491.9,2007,5
2007-02-10 00:00:00.000,475.9,2007,6
2007-02-17 00:00:00.000,474.1,2007,7
2007-02-24 00:00:00.000,486.5,2007,8
2007-03-03 00:00:00.000,474.1,2007,9
2007-03-10 00:00:00.000,482.2,2007,10
2007-03-17 00:00:00.000,480.3,2007,11
2007-03-24 00:00:00.000,484.6,2007,12
2007-03-31 00:00:00.000,462.6,2007,13
2007-04-07 00:00:00.000,451,2007,14
2007-04-14 00:00:00.000,461.1,2007,15
2007-04-21 00:00:00.000,484.6,2007,16
2007-04-28 00:00:00.000,502.6,2007,17
2007-05-05 00:00:00.000,495.1,2007,18
2007-05-12 00:00:00.000,503.5,2007,19
2007-05-19 00:00:00.000,527.3,2007,20
2007-05-26 00:00:00.000,527.6,2007,21
2007-06-02 00:00:00.000,461.1,2007,22
2007-06-09 00:00:00.000,534.8,2007,23
2007-06-16 00:00:00.000,543.8,2007,24
2007-06-23 00:00:00.000,537.2,2007,25
2007-06-30 00:00:00.000,535.4,2007,26
2007-07-07 00:00:00.000,452.3,2007,27
2007-07-14 00:00:00.000,528.2,2007,28
2007-07-21 00:00:00.000,531,2007,29
2007-07-28 00:00:00.000,521.9,2007,30
2007-08-04 00:00:00.000,524.2,2007,31
2007-08-11 00:00:00.000,527.1,2007,32
2007-08-18 00:00:00.000,522,2007,33
2007-08-25 00:00:00.000,540.9,2007,34
2007-09-01 00:00:00.000,552.1,2007,35
2007-09-08 00:00:00.000,478,2007,36
2007-09-15 00:00:00.000,506.4,2007,37
2007-09-22 00:00:00.000,509.6,2007,38
2007-09-29 00:00:00.000,518.7,2007,39
2007-10-06 00:00:00.000,530.4,2007,40
2007-10-13 00:00:00.000,505.6,2007,41
2007-10-20 00:00:00.000,537.2,2007,42
2007-10-27 00:00:00.000,529.7,2007,43
2007-11-03 00:00:00.000,521.6,2007,44
2007-11-10 00:00:00.000,507,2007,45
2007-11-17 00:00:00.000,509,2007,46
2007-11-24 00:00:00.000,463.2,2007,47
2007-12-01 00:00:00.000,528.1,2007,48
2007-12-08 00:00:00.000,524.9,2007,49
2007-12-15 00:00:00.000,508.3,2007,50
2007-12-22 00:00:00.000,510.4,2007,51
2007-12-29 00:00:00.000,381.1,2007,52
2008-01-05 00:00:00.000,411.9,2008,1
2008-01-12 00:00:00.000,488,2008,2
2008-01-19 00:00:00.000,503.2,2008,3
2008-01-26 00:00:00.000,491.9,2008,4
2008-02-02 00:00:00.000,474.1,2008,5
2008-02-09 00:00:00.000,477,2008,6
2008-02-16 00:00:00.000,482.6,2008,7
2008-02-23 00:00:00.000,480,2008,8
2008-03-01 00:00:00.000,489.2,2008,9
2008-03-08 00:00:00.000,500,2008,10
2008-03-15 00:00:00.000,493.4,2008,11
2008-03-22 00:00:00.000,496.4,2008,12
2008-03-29 00:00:00.000,476.5,2008,13
2008-04-05 00:00:00.000,480.4,2008,14
2008-04-12 00:00:00.000,500.3,2008,15
2008-04-19 00:00:00.000,515,2008,16
2008-04-26 00:00:00.000,533.1,2008,17
2008-05-03 00:00:00.000,533.7,2008,18
2008-05-10 00:00:00.000,538,2008,19
2008-05-17 00:00:00.000,547,2008,20
2008-05-24 00:00:00.000,547.1,2008,21
2008-05-31 00:00:00.000,474.6,2008,22
2008-06-07 00:00:00.000,526.8,2008,23
2008-06-14 00:00:00.000,523.5,2008,24
2008-06-21 00:00:00.000,533.9,2008,25
2008-06-28 00:00:00.000,550,2008,26
2008-07-05 00:00:00.000,460.1,2008,27
2008-07-12 00:00:00.000,542.2,2008,28
2008-07-19 00:00:00.000,532.7,2008,29
2008-07-26 00:00:00.000,514.9,2008,30
2008-08-02 00:00:00.000,516.3,2008,31
2008-08-09 00:00:00.000,519.4,2008,32
2008-08-16 00:00:00.000,536.9,2008,33
2008-08-23 00:00:00.000,527.8,2008,34
2008-08-30 00:00:00.000,528.7,2008,35
2008-09-06 00:00:00.000,467.5,2008,36
2008-09-13 00:00:00.000,514.7,2008,37
2008-09-20 00:00:00.000,537.6,2008,38
2008-09-27 00:00:00.000,522.2,2008,39
2008-10-04 00:00:00.000,500.5,2008,40
2008-10-11 00:00:00.000,515.2,2008,41
2008-10-18 00:00:00.000,496.4,2008,42
2008-10-25 00:00:00.000,505.7,2008,43
2008-11-01 00:00:00.000,499.1,2008,44
2008-11-08 00:00:00.000,487.2,2008,45
2008-11-15 00:00:00.000,483.2,2008,46
2008-11-22 00:00:00.000,495.4,2008,47
2008-11-29 00:00:00.000,449.5,2008,48
2008-12-06 00:00:00.000,485.3,2008,49
2008-12-13 00:00:00.000,474.2,2008,50
2008-12-20 00:00:00.000,464.7,2008,51
2008-12-27 00:00:00.000,353,2008,52
2009-01-03 00:00:00.000,405.3,2009,1
2009-01-10 00:00:00.000,472.6,2009,2
2009-01-17 00:00:00.000,480.6,2009,3
2009-01-24 00:00:00.000,503.3,2009,4
2009-01-31 00:00:00.000,497.6,2009,5
2009-02-07 00:00:00.000,492.3,2009,6
2009-02-14 00:00:00.000,485.8,2009,7
2009-02-21 00:00:00.000,486.5,2009,8
2009-02-28 00:00:00.000,489.5,2009,9
2009-03-07 00:00:00.000,476.3,2009,10
2009-03-14 00:00:00.000,493.7,2009,11
2009-03-21 00:00:00.000,487.8,2009,12
2009-03-28 00:00:00.000,459.4,2009,13
2009-04-04 00:00:00.000,477.7,2009,14
2009-04-11 00:00:00.000,465.1,2009,15
2009-04-18 00:00:00.000,468.9,2009,16
2009-04-25 00:00:00.000,498.3,2009,17
2009-05-02 00:00:00.000,509.8,2009,18
2009-05-09 00:00:00.000,501.6,2009,19
2009-05-16 00:00:00.000,518.6,2009,20
2009-05-23 00:00:00.000,525.8,2009,21
2009-05-30 00:00:00.000,484.1,2009,22
2009-06-06 00:00:00.000,513.5,2009,23
2009-06-13 00:00:00.000,510.9,2009,24
2009-06-20 00:00:00.000,518.4,2009,25
2009-06-27 00:00:00.000,517.7,2009,26
2009-07-04 00:00:00.000,487.6,2009,27
2009-07-11 00:00:00.000,493.1,2009,28
2009-07-18 00:00:00.000,493.1,2009,29
2009-07-25 00:00:00.000,484.2,2009,30
2009-08-01 00:00:00.000,500.7,2009,31
2009-08-08 00:00:00.000,491.5,2009,32
2009-08-15 00:00:00.000,507.9,2009,33
2009-08-22 00:00:00.000,518.2,2009,34
2009-08-29 00:00:00.000,517.8,2009,35
2009-09-05 00:00:00.000,521.1,2009,36
2009-09-12 00:00:00.000,448.2,2009,37
2009-09-19 00:00:00.000,514.1,2009,38
2009-09-26 00:00:00.000,517.1,2009,39
2009-10-03 00:00:00.000,510.9,2009,40
2009-10-10 00:00:00.000,503.9,2009,41
2009-10-17 00:00:00.000,500.4,2009,42
2009-10-24 00:00:00.000,509.4,2009,43
2009-10-31 00:00:00.000,509.4,2009,44
2009-11-07 00:00:00.000,490.8,2009,45
2009-11-14 00:00:00.000,484.9,2009,46
2009-11-21 00:00:00.000,494.9,2009,47
2009-11-28 00:00:00.000,421.3,2009,48
2009-12-05 00:00:00.000,500.4,2009,49
2009-12-12 00:00:00.000,481.7,2009,50
2009-12-19 00:00:00.000,486.8,2009,51
2009-12-26 00:00:00.000,361,2009,52
2010-01-02 00:00:00.000,412.2,2010,1
2010-01-09 00:00:00.000,500.9,2010,2
2010-01-16 00:00:00.000,506.4,2010,3
2010-01-23 00:00:00.000,516.4,2010,4
2010-01-30 00:00:00.000,485.5,2010,5
2010-02-06 00:00:00.000,495.9,2010,6
2010-02-13 00:00:00.000,467.3,2010,7
2010-02-20 00:00:00.000,477.9,2010,8
2010-02-27 00:00:00.000,485.7,2010,9
2010-03-06 00:00:00.000,474,2010,10
2010-03-13 00:00:00.000,475.9,2010,11
2010-03-20 00:00:00.000,471,2010,12
2010-03-27 00:00:00.000,475.3,2010,13
2010-04-03 00:00:00.000,478.9,2010,14
2010-04-10 00:00:00.000,468.8,2010,15
2010-04-17 00:00:00.000,484.9,2010,16
2010-04-24 00:00:00.000,485,2010,17
2010-05-01 00:00:00.000,496.4,2010,18
2010-05-08 00:00:00.000,507.8,2010,19
2010-05-15 00:00:00.000,508.5,2010,20
2010-05-22 00:00:00.000,515,2010,21
2010-05-29 00:00:00.000,508.7,2010,22
2010-06-05 00:00:00.000,476.9,2010,23
2010-06-12 00:00:00.000,500.5,2010,24
2010-06-19 00:00:00.000,509.2,2010,25
2010-06-26 00:00:00.000,511.1,2010,26
2010-07-03 00:00:00.000,506.2,2010,27
2010-07-10 00:00:00.000,464.3,2010,28
2010-07-17 00:00:00.000,511.4,2010,29
2010-07-24 00:00:00.000,513.5,2010,30
2010-07-31 00:00:00.000,503.9,2010,31
2010-08-07 00:00:00.000,508.7,2010,32
2010-08-14 00:00:00.000,500.1,2010,33
2010-08-21 00:00:00.000,519.2,2010,34
2010-08-28 00:00:00.000,530,2010,35
2010-09-04 00:00:00.000,521.8,2010,36
2010-09-11 00:00:00.000,454.2,2010,37
2010-09-18 00:00:00.000,525.9,2010,38
2010-09-25 00:00:00.000,518.9,2010,39
2010-10-02 00:00:00.000,513.5,2010,40
2010-10-09 00:00:00.000,522.5,2010,41
2010-10-16 00:00:00.000,520.6,2010,42
2010-10-23 00:00:00.000,524.5,2010,43
2010-10-30 00:00:00.000,520.6,2010,44
2010-11-06 00:00:00.000,508.2,2010,45
2010-11-13 00:00:00.000,514.3,2010,46
2010-11-20 00:00:00.000,528.7,2010,47
2010-11-27 00:00:00.000,454.4,2010,48
2010-12-04 00:00:00.000,529.7,2010,49
2010-12-11 00:00:00.000,524.2,2010,50
2010-12-18 00:00:00.000,514.1,2010,51
2010-12-25 00:00:00.000,426.4,2010,52
2011-01-01 00:00:00.000,446.6,2011,1
2011-01-08 00:00:00.000,499.1,2011,2
2011-01-15 00:00:00.000,491.8,2011,3
2011-01-22 00:00:00.000,498.8,2011,4
2011-01-29 00:00:00.000,507.6,2011,5
2011-02-05 00:00:00.000,487.2,2011,6
2011-02-12 00:00:00.000,496.7,2011,7
2011-02-19 00:00:00.000,503.6,2011,8
2011-02-26 00:00:00.000,503.7,2011,9
2011-03-05 00:00:00.000,495.3,2011,10
2011-03-12 00:00:00.000,490.8,2011,11
2011-03-19 00:00:00.000,476.8,2011,12
2011-03-26 00:00:00.000,485,2011,13
2011-04-02 00:00:00.000,488.6,2011,14
2011-04-09 00:00:00.000,477.7,2011,15
2011-04-16 00:00:00.000,488.4,2011,16
2011-04-23 00:00:00.000,490.1,2011,17
2011-04-30 00:00:00.000,468.4,2011,18
2011-05-07 00:00:00.000,499,2011,19
2011-05-14 00:00:00.000,493.2,2011,20
2011-05-21 00:00:00.000,500.3,2011,21
2011-05-28 00:00:00.000,511.7,2011,22
2011-06-04 00:00:00.000,467.6,2011,23
2011-06-11 00:00:00.000,520.6,2011,24
2011-06-18 00:00:00.000,525.8,2011,25
2011-06-25 00:00:00.000,530.6,2011,26
2011-07-02 00:00:00.000,515.9,2011,27
2011-07-09 00:00:00.000,456,2011,28
2011-07-16 00:00:00.000,519,2011,29
2011-07-23 00:00:00.000,505.3,2011,30
2011-07-30 00:00:00.000,513.2,2011,31
2011-08-06 00:00:00.000,509.3,2011,32
2011-08-13 00:00:00.000,513.4,2011,33
2011-08-20 00:00:00.000,517.5,2011,34
2011-08-27 00:00:00.000,523,2011,35
2011-09-03 00:00:00.000,511.4,2011,36
2011-09-10 00:00:00.000,448,2011,37
2011-09-17 00:00:00.000,507.7,2011,38
2011-09-24 00:00:00.000,509.8,2011,39
2011-10-01 00:00:00.000,524.9,2011,40
2011-10-08 00:00:00.000,521.2,2011,41
2011-10-15 00:00:00.000,506.5,2011,42
2011-10-22 00:00:00.000,509.7,2011,43
2011-10-29 00:00:00.000,522.8,2011,44
2011-11-05 00:00:00.000,503.1,2011,45
2011-11-12 00:00:00.000,484.7,2011,46
2011-11-19 00:00:00.000,491.1,2011,47
2011-11-26 00:00:00.000,438.2,2011,48
2011-12-03 00:00:00.000,514.5,2011,49
2011-12-10 00:00:00.000,500.5,2011,50
2011-12-17 00:00:00.000,496.7,2011,51
2011-12-24 00:00:00.000,462.8,2011,52
2012-01-07 00:00:00.000,436.8,2012,1
2012-01-14 00:00:00.000,502.9,2012,2
2012-01-21 00:00:00.000,483.4,2012,3
2012-01-28 00:00:00.000,471.1,2012,4
2012-02-04 00:00:00.000,465.1,2012,5
2012-02-11 00:00:00.000,470.7,2012,6
2012-02-18 00:00:00.000,480.1,2012,7
2012-02-25 00:00:00.000,463.6,2012,8
2012-03-03 00:00:00.000,489.9,2012,9
2012-03-10 00:00:00.000,498.9,2012,10
2012-03-17 00:00:00.000,488.2,2012,11
2012-03-24 00:00:00.000,473.6,2012,12
2012-03-31 00:00:00.000,469.2,2012,13
2012-04-07 00:00:00.000,485.2,2012,14
2012-04-14 00:00:00.000,451.4,2012,15
2012-04-21 00:00:00.000,464.9,2012,16
2012-04-28 00:00:00.000,475.2,2012,17
2012-05-05 00:00:00.000,485.1,2012,18
2012-05-12 00:00:00.000,497.7,2012,19
2012-05-19 00:00:00.000,502.1,2012,20
2012-05-26 00:00:00.000,498.8,2012,21
2012-06-02 00:00:00.000,469.9,2012,22
2012-06-09 00:00:00.000,516,2012,23
2012-06-16 00:00:00.000,514.8,2012,24
2012-06-23 00:00:00.000,515.9,2012,25
2012-06-30 00:00:00.000,517.5,2012,26
2012-07-07 00:00:00.000,457.6,2012,27
2012-07-14 00:00:00.000,508.2,2012,28
2012-07-21 00:00:00.000,514.2,2012,29
2012-07-28 00:00:00.000,501.1,2012,30
2012-08-04 00:00:00.000,510,2012,31
2012-08-11 00:00:00.000,507.5,2012,32
2012-08-18 00:00:00.000,509.3,2012,33
2012-08-25 00:00:00.000,516.3,2012,34
2012-09-01 00:00:00.000,506.2,2012,35
2012-09-08 00:00:00.000,437.9,2012,36
2012-09-15 00:00:00.000,516.9,2012,37
2012-09-22 00:00:00.000,499.1,2012,38
2012-09-29 00:00:00.000,517,2012,39
2012-10-06 00:00:00.000,498.6,2012,40
2012-10-13 00:00:00.000,504.5,2012,41
2012-10-20 00:00:00.000,509.8,2012,42
2012-10-27 00:00:00.000,512.8,2012,43
2012-11-03 00:00:00.000,511.1,2012,44
2012-11-10 00:00:00.000,499.6,2012,45
2012-11-17 00:00:00.000,497.3,2012,46
2012-11-24 00:00:00.000,463.6,2012,47
2012-12-01 00:00:00.000,509.3,2012,48
2012-12-08 00:00:00.000,509.2,2012,49
2012-12-15 00:00:00.000,511.5,2012,50
2012-12-22 00:00:00.000,503.9,2012,51
2012-12-29 00:00:00.000,382.7,2012,52
2013-01-05 00:00:00.000,417.3,2013,1
2013-01-12 00:00:00.000,497,2013,2
2013-01-19 00:00:00.000,486.9,2013,3
2013-01-26 00:00:00.000,500.5,2013,4
2013-02-02 00:00:00.000,496.1,2013,5
2013-02-09 00:00:00.000,472.1,2013,6
2013-02-16 00:00:00.000,476.7,2013,7
2013-02-23 00:00:00.000,452.6,2013,8
2013-03-02 00:00:00.000,446.3,2013,9
2013-03-09 00:00:00.000,474.4,2013,10
2013-03-16 00:00:00.000,480.9,2013,11
2013-03-23 00:00:00.000,478.1,2013,12
2013-03-30 00:00:00.000,470.1,2013,13
2013-04-06 00:00:00.000,468.3,2013,14
2013-04-13 00:00:00.000,476.6,2013,15
2013-04-20 00:00:00.000,479.5,2013,16
2013-04-27 00:00:00.000,486.8,2013,17
2013-05-04 00:00:00.000,482.8,2013,18
2013-05-11 00:00:00.000,489.9,2013,19
2013-05-18 00:00:00.000,508.9,2013,20
2013-05-25 00:00:00.000,511.8,2013,21
2013-06-01 00:00:00.000,468.9,2013,22
2013-06-08 00:00:00.000,510,2013,23
2013-06-15 00:00:00.000,509,2013,24
2013-06-22 00:00:00.000,523.4,2013,25
2013-06-29 00:00:00.000,518.7,2013,26
2013-07-06 00:00:00.000,442.5,2013,27
2013-07-13 00:00:00.000,507.4,2013,28
2013-07-20 00:00:00.000,520.2,2013,29
2013-07-27 00:00:00.000,508,2013,30
2013-08-03 00:00:00.000,494.6,2013,31
2013-08-10 00:00:00.000,502.9,2013,32
2013-08-17 00:00:00.000,497.6,2013,33
2013-08-24 00:00:00.000,506.8,2013,34
2013-08-31 00:00:00.000,504.2,2013,35
2013-09-07 00:00:00.000,461.5,2013,36
2013-09-14 00:00:00.000,487.9,2013,37
2013-09-21 00:00:00.000,502.9,2013,38
2013-09-28 00:00:00.000,497.2,2013,39
2013-10-05 00:00:00.000,512.3,2013,40
2013-10-12 00:00:00.000,485.7,2013,41
2013-10-19 00:00:00.000,497.7,2013,42
2013-10-26 00:00:00.000,496.8,2013,43
2013-11-02 00:00:00.000,498.5,2013,44
2013-11-09 00:00:00.000,489.5,2013,45
2013-11-16 00:00:00.000,481.9,2013,46
2013-11-23 00:00:00.000,500.1,2013,47
2013-11-30 00:00:00.000,449.2,2013,48
2013-12-07 00:00:00.000,504.1,2013,49
2013-12-14 00:00:00.000,487.3,2013,50
2013-12-21 00:00:00.000,495,2013,51
2013-12-28 00:00:00.000,344.9,2013,52
2014-01-04 00:00:00.000,417.9,2014,1
2014-01-11 00:00:00.000,455.9,2014,2
2014-01-18 00:00:00.000,476.6,2014,3
2014-01-25 00:00:00.000,478.6,2014,4
2014-02-01 00:00:00.000,461.2,2014,5
2014-02-08 00:00:00.000,452.4,2014,6
2014-02-15 00:00:00.000,432.3,2014,7
2014-02-22 00:00:00.000,450.1,2014,8
2014-03-01 00:00:00.000,453.7,2014,9
2014-03-08 00:00:00.000,436.2,2014,10
2014-03-15 00:00:00.000,455,2014,11
2014-03-22 00:00:00.000,458.8,2014,12
2014-03-29 00:00:00.000,464.3,2014,13
2014-04-05 00:00:00.000,464.7,2014,14
2014-04-12 00:00:00.000,455.6,2014,15
2014-04-19 00:00:00.000,449.6,2014,16
2014-04-26 00:00:00.000,462.8,2014,17
2014-05-03 00:00:00.000,480.6,2014,18
2014-05-10 00:00:00.000,471.6,2014,19
2014-05-17 00:00:00.000,465.7,2014,20
2014-05-24 00:00:00.000,471.9,2014,21
2014-05-31 00:00:00.000,422.4,2014,22
2014-06-07 00:00:00.000,483.6,2014,23
2014-06-14 00:00:00.000,477,2014,24
2014-06-21 00:00:00.000,484.5,2014,25
2014-06-28 00:00:00.000,487,2014,26
2014-07-05 00:00:00.000,390.2,2014,27
2014-07-12 00:00:00.000,459,2014,28
2014-07-19 00:00:00.000,460.9,2014,29
2014-07-26 00:00:00.000,457,2014,30
2014-08-02 00:00:00.000,460.2,2014,31
2014-08-09 00:00:00.000,460.7,2014,32
2014-08-16 00:00:00.000,465.5,2014,33
2014-08-23 00:00:00.000,477,2014,34
2014-08-30 00:00:00.000,473.5,2014,35
2014-09-06 00:00:00.000,420.5,2014,36
2014-09-13 00:00:00.000,481.1,2014,37
2014-09-20 00:00:00.000,465.4,2014,38
2014-09-27 00:00:00.000,467.3,2014,39
2014-10-04 00:00:00.000,476.4,2014,40
2014-10-11 00:00:00.000,460.2,2014,41
2014-10-18 00:00:00.000,463.6,2014,42
2014-10-25 00:00:00.000,474.2,2014,43
2014-11-01 00:00:00.000,455.6,2014,44
2014-11-08 00:00:00.000,465.1,2014,45
2014-11-15 00:00:00.000,462.2,2014,46
2014-11-22 00:00:00.000,468.5,2014,47
2014-11-29 00:00:00.000,409.9,2014,48
2014-12-06 00:00:00.000,464.3,2014,49
2014-12-13 00:00:00.000,470.7,2014,50
2014-12-20 00:00:00.000,455.8,2014,51
2014-12-27 00:00:00.000,328,2014,52
2015-01-03 00:00:00.000,371.7,2015,1
2015-01-10 00:00:00.000,442.5,2015,2
2015-01-17 00:00:00.000,449.5,2015,3
2015-01-24 00:00:00.000,473.4,2015,4
2015-01-31 00:00:00.000,460.5,2015,5
2015-02-07 00:00:00.000,442.5,2015,6
2015-02-14 00:00:00.000,436.6,2015,7
2015-02-21 00:00:00.000,424.7,2015,8
2015-02-28 00:00:00.000,427,2015,9
2015-03-07 00:00:00.000,439.1,2015,10
2015-03-14 00:00:00.000,428.2,2015,11
2015-03-21 00:00:00.000,423.5,2015,12
2015-03-28 00:00:00.000,433.3,2015,13
2015-04-04 00:00:00.000,427.7,2015,14
2015-04-11 00:00:00.000,408.3,2015,15
2015-04-18 00:00:00.000,433.2,2015,16
2015-04-25 00:00:00.000,442,2015,17
2015-05-02 00:00:00.000,460,2015,18
2015-05-09 00:00:00.000,460.3,2015,19
2015-05-16 00:00:00.000,461.7,2015,20
2015-05-23 00:00:00.000,459.3,2015,21
2015-05-30 00:00:00.000,426.6,2015,22
2015-06-06 00:00:00.000,446.6,2015,23
2015-06-13 00:00:00.000,439.5,2015,24
2015-06-20 00:00:00.000,444.4,2015,25
2015-06-27 00:00:00.000,449.9,2015,26
2015-07-04 00:00:00.000,422.9,2015,27
2015-07-11 00:00:00.000,449,2015,28
2015-07-18 00:00:00.000,439.5,2015,29
2015-07-25 00:00:00.000,441.9,2015,30
2015-08-01 00:00:00.000,448.7,2015,31
2015-08-08 00:00:00.000,440.1,2015,32
2015-08-15 00:00:00.000,444.4,2015,33
2015-08-22 00:00:00.000,446,2015,34
2015-08-29 00:00:00.000,452.4,2015,35
2015-09-05 00:00:00.000,463.9,2015,36
2015-09-12 00:00:00.000,418.9,2015,37
2015-09-19 00:00:00.000,482.8,2015,38
2015-09-26 00:00:00.000,482.9,2015,39
2015-10-03 00:00:00.000,483,2015,40
2015-10-10 00:00:00.000,471.9,2015,41
2015-10-17 00:00:00.000,488.4,2015,42
2015-10-24 00:00:00.000,471.4,2015,43
2015-10-31 00:00:00.000,470.1,2015,44
2015-11-07 00:00:00.000,478.9,2015,45
2015-11-14 00:00:00.000,471.9,2015,46
2015-11-21 00:00:00.000,482.9,2015,47
2015-11-28 00:00:00.000,387.4,2015,48
2015-12-05 00:00:00.000,473.2,2015,49
2015-12-12 00:00:00.000,492.1,2015,50
2015-12-19 00:00:00.000,499.2,2015,51
2015-12-26 00:00:00.000,339.1,2015,52
2016-01-02 00:00:00.000,368.9,2016,1
2016-01-09 00:00:00.000,460,2016,2
2016-01-16 00:00:00.000,474.7,2016,3
2016-01-23 00:00:00.000,474,2016,4
2016-01-30 00:00:00.000,471.9,2016,5
2016-02-06 00:00:00.000,443.8,2016,6
2016-02-13 00:00:00.000,452,2016,7
2016-02-20 00:00:00.000,432.8,2016,8
2016-02-27 00:00:00.000,442.5,2016,9
2016-03-05 00:00:00.000,440.1,2016,10
2016-03-12 00:00:00.000,441.8,2016,11
2016-03-19 00:00:00.000,449.5,2016,12
2016-03-26 00:00:00.000,447.4,2016,13
2016-04-02 00:00:00.000,450.7,2016,14
2016-04-09 00:00:00.000,444.6,2016,15
2016-04-16 00:00:00.000,454.7,2016,16
2016-04-23 00:00:00.000,484.5,2016,17
2016-04-30 00:00:00.000,485.8,2016,18
2016-05-07 00:00:00.000,483,2016,19
2016-05-14 00:00:00.000,490.5,2016,20
2016-05-21 00:00:00.000,477.2,2016,21
2016-05-28 00:00:00.000,475.6,2016,22
2016-06-04 00:00:00.000,421.6,2016,23
2016-06-11 00:00:00.000,477.9,2016,24
2016-06-18 00:00:00.000,487.6,2016,25
2016-06-25 00:00:00.000,491.8,2016,26
2016-07-02 00:00:00.000,485.5,2016,27
2016-07-09 00:00:00.000,417,2016,28
2016-07-16 00:00:00.000,482.9,2016,29
2016-07-23 00:00:00.000,484.6,2016,30
2016-07-30 00:00:00.000,474.1,2016,31
2016-08-06 00:00:00.000,474,2016,32
2016-08-13 00:00:00.000,476.6,2016,33
2016-08-20 00:00:00.000,492.1,2016,34
2016-08-27 00:00:00.000,494,2016,35
2016-09-03 00:00:00.000,502.9,2016,36
2016-09-10 00:00:00.000,436.6,2016,37
2016-09-17 00:00:00.000,500.3,2016,38
2016-09-24 00:00:00.000,492,2016,39
2016-10-01 00:00:00.000,509.1,2016,40
2016-10-08 00:00:00.000,505.1,2016,41
2016-10-15 00:00:00.000,502.8,2016,42
2016-10-22 00:00:00.000,504.5,2016,43
2016-10-29 00:00:00.000,515.6,2016,44
2016-11-05 00:00:00.000,509.3,2016,45
2016-11-12 00:00:00.000,512.8,2016,46
2016-11-19 00:00:00.000,527.5,2016,47
2016-11-26 00:00:00.000,462.5,2016,48
2016-12-03 00:00:00.000,517.5,2016,49
2016-12-10 00:00:00.000,515,2016,50
2016-12-17 00:00:00.000,505,2016,51
2016-12-24 00:00:00.000,480.9,2016,52
2017-01-07 00:00:00.000,448.3,2017,1
2017-01-14 00:00:00.000,507.6,2017,2
2017-01-21 00:00:00.000,473.9,2017,3
2017-01-28 00:00:00.000,480.1,2017,4
2017-02-04 00:00:00.000,491,2017,5
2017-02-11 00:00:00.000,474.4,2017,6
2017-02-18 00:00:00.000,468.7,2017,7
2017-02-25 00:00:00.000,470.7,2017,8
2017-03-04 00:00:00.000,475.9,2017,9
2017-03-11 00:00:00.000,480.3,2017,10
2017-03-18 00:00:00.000,481.1,2017,11
2017-03-25 00:00:00.000,501.5,2017,12
2017-04-01 00:00:00.000,484.6,2017,13
2017-04-08 00:00:00.000,467.4,2017,14
2017-04-15 00:00:00.000,479,2017,15
2017-04-22 00:00:00.000,480.1,2017,16
2017-04-29 00:00:00.000,501.2,2017,17
2017-05-06 00:00:00.000,489.6,2017,18
2017-05-13 00:00:00.000,488.9,2017,19
2017-05-20 00:00:00.000,477.5,2017,20
2017-05-27 00:00:00.000,483.9,2017,21
2017-06-03 00:00:00.000,432.4,2017,22
2017-06-10 00:00:00.000,489.9,2017,23
2017-06-17 00:00:00.000,496.4,2017,24
2017-06-24 00:00:00.000,501,2017,25
2017-07-01 00:00:00.000,508.5,2017,26
2017-07-08 00:00:00.000,436.1,2017,27
2017-07-15 00:00:00.000,504.2,2017,28
2017-07-22 00:00:00.000,500.3,2017,29
2017-07-29 00:00:00.000,505,2017,30
2017-08-05 00:00:00.000,511.9,2017,31
2017-08-12 00:00:00.000,518,2017,32
2017-08-19 00:00:00.000,514.5,2017,33
2017-08-26 00:00:00.000,520.4,2017,34
2017-09-02 00:00:00.000,507.9,2017,35
2017-09-09 00:00:00.000,450.2,2017,36
2017-09-16 00:00:00.000,526.2,2017,37
2017-09-23 00:00:00.000,524.1,2017,38
2017-09-30 00:00:00.000,535.3,2017,39
2017-10-07 00:00:00.000,522.8,2017,40
2017-10-14 00:00:00.000,514.4,2017,41
2017-10-21 00:00:00.000,519,2017,42
2017-10-28 00:00:00.000,508.4,2017,43
2017-11-04 00:00:00.000,528.5,2017,44
2017-11-11 00:00:00.000,513.9,2017,45
2017-11-18 00:00:00.000,528.2,2017,46
2017-11-25 00:00:00.000,473.7,2017,47
2017-12-02 00:00:00.000,533.9,2017,48
2017-12-09 00:00:00.000,528.5,2017,49
2017-12-16 00:00:00.000,524.7,2017,50
2017-12-23 00:00:00.000,510.9,2017,51
2017-12-30 00:00:00.000,418.6,2017,52
2018-01-06 00:00:00.000,451.3,2018,1
2018-01-13 00:00:00.000,510.6,2018,2
2018-01-20 00:00:00.000,514,2018,3
2018-01-27 00:00:00.000,490.3,2018,4
2018-02-03 00:00:00.000,507.1,2018,5
2018-02-10 00:00:00.000,488.8,2018,6
2018-02-17 00:00:00.000,492.3,2018,7
2018-02-24 00:00:00.000,472.1,2018,8
2018-03-03 00:00:00.000,500.8,2018,9
2018-03-10 00:00:00.000,490.7,2018,10
2018-03-17 00:00:00.000,488.7,2018,11
2018-03-24 00:00:00.000,498.5,2018,12
2018-03-31 00:00:00.000,487.1,2018,13
2018-04-07 00:00:00.000,502.9,2018,14
2018-04-14 00:00:00.000,493.5,2018,15
2018-04-21 00:00:00.000,508.5,2018,16
2018-04-28 00:00:00.000,506.1,2018,17
2018-05-05 00:00:00.000,522.6,2018,18
2018-05-12 00:00:00.000,517,2018,19
2018-05-19 00:00:00.000,526.5,2018,20
2018-05-26 00:00:00.000,515.4,2018,21
2018-06-02 00:00:00.000,463.2,2018,22
2018-06-09 00:00:00.000,523.1,2018,23
2018-06-16 00:00:00.000,519.4,2018,24
2018-06-23 00:00:00.000,528.1,2018,25
2018-06-30 00:00:00.000,514.9,2018,26
2018-07-07 00:00:00.000,451.9,2018,27
2018-07-14 00:00:00.000,521.3,2018,28
2018-07-21 00:00:00.000,511.3,2018,29
2018-07-28 00:00:00.000,515.8,2018,30
2018-08-04 00:00:00.000,505.5,2018,31
2018-08-11 00:00:00.000,521,2018,32
2018-08-18 00:00:00.000,535.4,2018,33
2018-08-25 00:00:00.000,517.6,2018,34
2018-09-01 00:00:00.000,520.8,2018,35
2018-09-08 00:00:00.000,460.4,2018,36
2018-09-15 00:00:00.000,533.7,2018,37
2018-09-22 00:00:00.000,539.5,2018,38
2018-09-29 00:00:00.000,534.8,2018,39
2018-10-06 00:00:00.000,530.9,2018,40
2018-10-13 00:00:00.000,528.6,2018,41
2018-10-20 00:00:00.000,517.9,2018,42
2018-10-27 00:00:00.000,524.8,2018,43
2018-11-03 00:00:00.000,530.6,2018,44
2018-11-10 00:00:00.000,526.4,2018,45
2018-11-17 00:00:00.000,526.3,2018,46
2018-11-24 00:00:00.000,469.7,2018,47
2018-12-01 00:00:00.000,528.5,2018,48
2018-12-08 00:00:00.000,552.5,2018,49
2018-12-15 00:00:00.000,542.1,2018,50
2018-12-22 00:00:00.000,546,2018,51
2018-12-29 00:00:00.000,362.6,2018,52
2019-01-05 00:00:00.000,430.5,2019,1
2019-01-12 00:00:00.000,520.3,2019,2
2019-01-19 00:00:00.000,515.1,2019,3
2019-01-26 00:00:00.000,507,2019,4
2019-02-02 00:00:00.000,492.2,2019,5
2019-02-09 00:00:00.000,515.2,2019,6
2019-02-16 00:00:00.000,492.2,2019,7
2019-02-23 00:00:00.000,474.6,2019,8
2019-03-02 00:00:00.000,491.2,2019,9
2019-03-09 00:00:00.000,489.1,2019,10
2019-03-16 00:00:00.000,482.8,2019,11
2019-03-23 00:00:00.000,508.9,2019,12
2019-03-30 00:00:00.000,493.4,2019,13
2019-04-06 00:00:00.000,497.2,2019,14
2019-04-13 00:00:00.000,510.6,2019,15
2019-04-20 00:00:00.000,513.8,2019,16
2019-04-27 00:00:00.000,516.5,2019,17
2019-05-04 00:00:00.000,537.6,2019,18
2019-05-11 00:00:00.000,537.4,2019,19
2019-05-18 00:00:00.000,527,2019,20
2019-05-25 00:00:00.000,510.5,2019,21
2019-06-01 00:00:00.000,463.8,2019,22
2019-06-08 00:00:00.000,525.9,2019,23
2019-06-15 00:00:00.000,525.8,2019,24
2019-06-22 00:00:00.000,522.3,2019,25
2019-06-29 00:00:00.000,525.7,2019,26
2019-07-06 00:00:00.000,454.7,2019,27
2019-07-13 00:00:00.000,521.4,2019,28
2019-07-20 00:00:00.000,517.8,2019,29
2019-07-27 00:00:00.000,523.4,2019,30
2019-08-03 00:00:00.000,502.7,2019,31
2019-08-10 00:00:00.000,518.9,2019,32
2019-08-17 00:00:00.000,524.8,2019,33
2019-08-24 00:00:00.000,528.7,2019,34
2019-08-31 00:00:00.000,521.7,2019,35
2019-09-07 00:00:00.000,459.3,2019,36
2019-09-14 00:00:00.000,512,2019,37
2019-09-21 00:00:00.000,536.6,2019,38
2019-09-28 00:00:00.000,528.8,2019,39
2019-10-05 00:00:00.000,523.3,2019,40
2019-10-12 00:00:00.000,529.9,2019,41
2019-10-19 00:00:00.000,525.4,2019,42
2019-10-26 00:00:00.000,526.1,2019,43
2019-11-02 00:00:00.000,540,2019,44
2019-11-09 00:00:00.000,535.3,2019,45
2019-11-16 00:00:00.000,540.2,2019,46
2019-11-23 00:00:00.000,545.8,2019,47
2019-11-30 00:00:00.000,457.1,2019,48
2019-12-07 00:00:00.000,562.7,2019,49
2019-12-14 00:00:00.000,550.4,2019,50
2019-12-21 00:00:00.000,554.9,2019,51
2019-12-28 00:00:00.000,387.8,2019,52
2020-01-04 00:00:00.000,450.7,2020,1
2020-01-11 00:00:00.000,577.4,2020,2
2020-01-18 00:00:00.000,521.8,2020,3
2020-01-25 00:00:00.000,534.6,2020,4
2020-02-01 00:00:00.000,528.5,2020,5
2020-02-08 00:00:00.000,520.3,2020,6
2020-02-15 00:00:00.000,511.5,2020,7
2020-02-22 00:00:00.000,518.7,2020,8
2020-02-29 00:00:00.000,519.3,2020,9
2020-03-07 00:00:00.000,536.6,2020,10
2020-03-14 00:00:00.000,525,2020,11
2020-03-21 00:00:00.000,541.6,2020,12
2020-03-28 00:00:00.000,561,2020,13
2020-04-04 00:00:00.000,519.3,2020,14
2020-04-11 00:00:00.000,443.5,2020,15
2020-04-18 00:00:00.000,413.9,2020,16
2020-04-25 00:00:00.000,381.6,2020,17
2020-05-02 00:00:00.000,347.1,2020,18
2020-05-09 00:00:00.000,367.7,2020,19
2020-05-16 00:00:00.000,405.2,2020,20
2020-05-23 00:00:00.000,451.4,2020,21
2020-05-30 00:00:00.000,428.6,2020,22
2020-06-06 00:00:00.000,522.6,2020,23
2020-06-13 00:00:00.000,542.2,2020,24
2020-06-20 00:00:00.000,541,2020,25
2020-06-27 00:00:00.000,562.3,2020,26
2020-07-04 00:00:00.000,490.7,2020,27
2020-07-11 00:00:00.000,544.5,2020,28
2020-07-18 00:00:00.000,538.4,2020,29
2020-07-25 00:00:00.000,537.3,2020,30
2020-08-01 00:00:00.000,530.3,2020,31
2020-08-08 00:00:00.000,527.2,2020,32
2020-08-15 00:00:00.000,532.4,2020,33
2020-08-22 00:00:00.000,542.9,2020,34
2020-08-29 00:00:00.000,544.6,2020,35
2020-09-05 00:00:00.000,527.3,2020,36
2020-09-12 00:00:00.000,479.7,2020,37
2020-09-19 00:00:00.000,540.1,2020,38
2020-09-26 00:00:00.000,546.6,2020,39
2020-10-03 00:00:00.000,558.1,2020,40
2020-10-10 00:00:00.000,535.3,2020,41
2020-10-17 00:00:00.000,549.7,2020,42
2020-10-24 00:00:00.000,541.4,2020,43
2020-10-31 00:00:00.000,537.3,2020,44
2020-11-07 00:00:00.000,545.1,2020,45
2020-11-14 00:00:00.000,549.8,2020,46
2020-11-21 00:00:00.000,559.1,2020,47
2020-11-28 00:00:00.000,473.9,2020,48
2020-12-05 00:00:00.000,559.8,2020,49
2020-12-12 00:00:00.000,559,2020,50
2020-12-19 00:00:00.000,553.5,2020,51
2020-12-26 00:00:00.000,352.5,2020,52
2021-01-01 00:00:00.000,432.6,2021,1
2021-01-08 00:00:00.000,544.9,2021,2
2021-01-15 00:00:00.000,544.8,2021,3
2021-01-22 00:00:00.000,550.2,2021,4
2021-01-29 00:00:00.000,550.1,2021,5
2021-02-05 00:00:00.000,551.3,2021,6
2021-02-12 00:00:00.000,516.3,2021,7
2021-02-19 00:00:00.000,465.9,2021,8
2021-02-26 00:00:00.000,561.1,2021,9
2021-03-05 00:00:00.000,559.2,2021,10
2021-03-12 00:00:00.000,541,2021,11
2021-03-19 00:00:00.000,521.5,2021,12
2021-03-26 00:00:00.000,537,2021,13
2021-04-02 00:00:00.000,504.7,2021,14
2021-04-09 00:00:00.000,530.9,2021,15
2021-04-16 00:00:00.000,530.2,2021,16
2021-04-23 00:00:00.000,550.2,2021,17
2021-04-30 00:00:00.000,537.3,2021,18
2021-05-07 00:00:00.000,527.3,2021,19
2021-05-14 00:00:00.000,527.6,2021,20
2021-05-21 00:00:00.000,550.7,2021,21
2021-05-28 00:00:00.000,518,2021,22
2021-06-04 00:00:00.000,443,2021,23
2021-06-11 00:00:00.000,545.7,2021,24
2021-06-18 00:00:00.000,543.1,2021,25
2021-06-25 00:00:00.000,540.2,2021,26
2021-07-02 00:00:00.000,510.8,2021,27
2021-07-09 00:00:00.000,467.9,2021,28
2021-07-16 00:00:00.000,531.2,2021,29
2021-07-23 00:00:00.000,527.2,2021,30
2021-07-30 00:00:00.000,528.3,2021,31
2021-08-06 00:00:00.000,522.7,2021,32
2021-08-13 00:00:00.000,519.1,2021,33
2021-08-20 00:00:00.000,543.5,2021,34
2021-08-27 00:00:00.000,531.9,2021,35
2021-09-03 00:00:00.000,511.4,2021,36
2021-09-10 00:00:00.000,473.2,2021,37
2021-09-17 00:00:00.000,539.8,2021,38
2021-09-24 00:00:00.000,527.9,2021,39
2021-10-01 00:00:00.000,526.2,2021,40
2021-10-08 00:00:00.000,544.1,2021,41
2021-10-15 00:00:00.000,535.1,2021,42
2021-10-22 00:00:00.000,548.9,2021,43
2021-10-29 00:00:00.000,555.6,2021,44
2021-11-05 00:00:00.000,540.7,2021,45
2021-11-12 00:00:00.000,544.5,2021,46
2021-11-19 00:00:00.000,562,2021,47
2021-11-26 00:00:00.000,470.5,2021,48
2021-12-03 00:00:00.000,562.5,2021,49
2021-12-10 00:00:00.000,558.6,2021,50
2021-12-17 00:00:00.000,550.6,2021,51
2021-12-24 00:00:00.000,409.7,2021,52
2021-12-31 00:00:00.000,450.1,2021,53
2022-01-07 00:00:00.000,519.9,2022,1
2022-01-14 00:00:00.000,519.4,2022,2
2022-01-21 00:00:00.000,535.5,2022,3
2022-01-28 00:00:00.000,540.8,2022,4
2022-02-04 00:00:00.000,537,2022,5
2022-02-11 00:00:00.000,554.3,2022,6
2022-02-18 00:00:00.000,556.6,2022,7
2022-02-25 00:00:00.000,544.7,2022,8
2022-03-04 00:00:00.000,549.7,2022,9
2022-03-11 00:00:00.000,540.7,2022,10
2022-03-18 00:00:00.000,540.9,2022,11
2022-03-25 00:00:00.000,552.6,2022,12
2022-04-01 00:00:00.000,534.8,2022,13
2022-04-08 00:00:00.000,559.6,2022,14
2022-04-15 00:00:00.000,527.7,2022,15
2022-04-22 00:00:00.000,552.6,2022,16
2022-04-29 00:00:00.000,539.2,2022,17
2022-05-06 00:00:00.000,545.5,2022,18
2022-05-13 00:00:00.000,544.5,2022,19
2022-05-20 00:00:00.000,561.8,2022,20
2022-05-27 00:00:00.000,529.4,2022,21
2022-06-03 00:00:00.000,493.3,2022,22
2022-06-10 00:00:00.000,548.2,2022,23
2022-06-17 00:00:00.000,541.3,2022,24
2022-06-24 00:00:00.000,539.1,2022,25
2022-07-01 00:00:00.000,514.5,2022,26
2022-07-08 00:00:00.000,479.3,2022,27
2022-07-15 00:00:00.000,544.5,2022,28
2022-07-22 00:00:00.000,538.8,2022,29
2022-07-29 00:00:00.000,542.4,2022,30
2022-08-05 00:00:00.000,528.2,2022,31
2022-08-12 00:00:00.000,524.5,2022,32
2022-08-19 00:00:00.000,535.8,2022,33
2022-08-26 00:00:00.000,551.3,2022,34
2022-09-02 00:00:00.000,520.1,2022,35
2022-09-09 00:00:00.000,494.1,2022,36
2022-09-16 00:00:00.000,546.5,2022,37
2022-09-23 00:00:00.000,548.9,2022,38
2022-09-30 00:00:00.000,549,2022,39
2022-10-07 00:00:00.000,550.2,2022,40
2022-10-14 00:00:00.000,547.1,2022,41
2022-10-21 00:00:00.000,557.4,2022,42
2022-10-28 00:00:00.000,554,2022,43
2022-11-04 00:00:00.000,553.9,2022,44
2022-11-11 00:00:00.000,558.2,2022,45
2022-11-18 00:00:00.000,561.3,2022,46
2022-11-25 00:00:00.000,497.1,2022,47
2022-12-02 00:00:00.000,553.7,2022,48
2022-12-09 00:00:00.000,546.1,2022,49
2022-12-16 00:00:00.000,523.1,2022,50
2022-12-23 00:00:00.000,470.4,2022,51
2022-12-31 00:00:00.000,456.1,2022,52
2023-01-07 00:00:00.000,468.3,2023,1
2023-01-14 00:00:00.000,548.4,2023,2
2023-01-21 00:00:00.000,535,2023,3
2023-01-28 00:00:00.000,545.2,2023,4
2023-02-04 00:00:00.000,529.1,2023,5
2023-02-11 00:00:00.000,519.7,2023,6
2023-02-18 00:00:00.000,517.5,2023,7
2023-02-25 00:00:00.000,509.8,2023,8
2023-03-04 00:00:00.000,518.4,2023,9
2023-03-11 00:00:00.000,522.1,2023,10
2023-03-18 00:00:00.000,519.1,2023,11
2023-03-25 00:00:00.000,515.3,2023,12
2023-04-01 00:00:00.000,535,2023,13
2023-04-08 00:00:00.000,495,2023,14
2023-04-15 00:00:00.000,502.8,2023,15
2023-04-22 00:00:00.000,509.7,2023,16
2023-04-29 00:00:00.000,511.2,2023,17
2023-05-06 00:00:00.000,508.5,2023,18
2023-05-13 00:00:00.000,526.5,2023,19
2023-05-20 00:00:00.000,523.2,2023,20
2023-05-27 00:00:00.000,509.6,2023,21
2023-06-03 00:00:00.000,467.1,2023,22
2023-06-10 00:00:00.000,500.9,2023,23
2023-06-17 00:00:00.000,515.7,2023,24
2023-06-24 00:00:00.000,526.6,2023,25
2023-07-01 00:00:00.000,524.2,2023,26
2023-07-08 00:00:00.000,435.5,2023,27
2023-07-15 00:00:00.000,511.6,2023,28
2023-07-22 00:00:00.000,506,2023,29
2023-07-29 00:00:00.000,502.5,2023,30
2023-08-05 00:00:00.000,498.5,2023,31
2023-08-12 00:00:00.000,490.1,2023,32
2023-08-19 00:00:00.000,501,2023,33
2023-08-26 00:00:00.000,510.6,2023,34
2023-09-02 00:00:00.000,514.5,2023,35
2023-09-09 00:00:00.000,458.8,2023,36
2023-09-16 00:00:00.000,519.6,2023,37
2023-09-23 00:00:00.000,515,2023,38
2023-09-30 00:00:00.000,505.1,2023,39
2023-10-07 00:00:00.000,519.2,2023,40
2023-10-14 00:00:00.000,510,2023,41
2023-10-21 00:00:00.000,527.8,2023,42
2023-10-28 00:00:00.000,527,2023,43
2023-11-04 00:00:00.000,525,2023,44
2023-11-11 00:00:00.000,514.2,2023,45
2023-11-18 00:00:00.000,529.2,2023,46
2023-11-25 00:00:00.000,447.9,2023,47
2023-12-02 00:00:00.000,529.7,2023,48
2023-12-09 00:00:00.000,532.5,2023,49
2023-12-16 00:00:00.000,546.6,2023,50
2023-12-23 00:00:00.000,524.3,2023,51
2023-12-30 00:00:00.000,429.4,2023,52
2024-01-06 00:00:00.000,466.1,2024,1
2024-01-13 00:00:00.000,462.7,2024,2
2024-01-20 00:00:00.000,523.8,2024,3
2024-01-27 00:00:00.000,522.5,2024,4
2024-02-02 00:00:00.000,536.8,2024,5
2024-02-10 00:00:00.000,519.9,2024,6
2024-02-16 00:00:00.000,506.9,2024,7
2024-02-24 00:00:00.000,491.8,2024,8
2024-03-02 00:00:00.000,496.9,2024,9
2024-03-09 00:00:00.000,484.1,2024,10
2024-03-16 00:00:00.000,501.4,2024,11
2024-03-23 00:00:00.000,500.4,2024,12
2024-03-30 00:00:00.000,493,2024,13
2024-04-06 00:00:00.000,517.1,2024,14
2024-04-13 00:00:00.000,509.8,2024,15
2024-04-20 00:00:00.000,524.3,2024,16
2024-04-26 00:00:00.000,518.6,2024,17
2024-05-03 00:00:00.000,526.5,2024,18
2024-05-10 00:00:00.000,526.6,2024,19
2024-05-17 00:00:00.000,507.1,2024,20
2024-05-24 00:00:00.000,515.6,2024,21
2024-05-31 00:00:00.000,459.3,2024,22
2024-06-08 00:00:00.000,522,2024,23
2024-06-15 00:00:00.000,522.4,2024,24
2024-06-22 00:00:00.000,525.8,2024,25
2024-06-29 00:00:00.000,515.7,2024,26
2024-07-06 00:00:00.000,435.8,2024,27
2024-07-13 00:00:00.000,506,2024,28
2024-07-20 00:00:00.000,491.7,2024,29
2024-07-27 00:00:00.000,504.9,2024,30
2024-08-03 00:00:00.000,498.7,2024,31
2024-08-10 00:00:00.000,503.3,2024,32
2024-08-17 00:00:00.000,506.9,2024,33
2024-08-24 00:00:00.000,513.9,2024,34
2024-08-31 00:00:00.000,517.8,2024,35
2024-09-07 00:00:00.000,460.6,2024,36
2024-09-14 00:00:00.000,527.4,2024,37
2024-09-21 00:00:00.000,520.3,2024,38
2024-09-28 00:00:00.000,524.1,2024,39
2024-10-05 00:00:00.000,525.4,2024,40
2024-10-12 00:00:00.000,504.1,2024,41
2024-10-19 00:00:00.000,523.5,2024,42
2024-10-26 00:00:00.000,537.2,2024,43
2024-11-02 00:00:00.000,532.1,2024,44
2024-11-09 00:00:00.000,536.4,2024,45
2024-11-16 00:00:00.000,525.6,2024,46
2024-11-23 00:00:00.000,547.3,2024,47
2024-11-30 00:00:00.000,464.2,2024,48
2024-12-07 00:00:00.000,531.5,2024,49
2024-12-14 00:00:00.000,527.2,2024,50
2024-12-21 00:00:00.000,534.7,2024,51
2024-12-28 00:00:00.000,376.2,2024,52
2025-01-04 00:00:00.000,439.1,2025,1
2025-01-11 00:00:00.000,512.1,2025,2
2025-01-18 00:00:00.000,527,2025,3
2025-01-25 00:00:00.000,525.3,2025,4
2025-02-01 00:00:00.000,526.4,2025,5
2025-02-08 00:00:00.000,510.6,2025,6
2025-02-15 00:00:00.000,489.2,2025,7
2025-02-22 00:00:00.000,496.3,2025,8
2025-03-01 00:00:00.000,494.4,2025,9
2025-03-08 00:00:00.000,504.9,2025,10
2025-03-15 00:00:00.000,509.3,2025,11
2025-03-22 00:00:00.000,486.7,2025,12
2025-03-29 00:00:00.000,528.6,2025,13
2025-04-05 00:00:00.000,513.2,2025,14
2025-04-12 00:00:00.000,491.2,2025,15
2025-04-19 00:00:00.000,502.8,2025,16
2025-04-26 00:00:00.000,485.6,2025,17
2025-05-03 00:00:00.000,489.5,2025,18
2025-05-10 00:00:00.000,489.3,2025,19
2025-05-17 00:00:00.000,494.3,2025,20
2025-05-24 00:00:00.000,496.9,2025,21
2025-05-31 00:00:00.000,414.8,2025,22
2025-06-07 00:00:00.000,506.8,2025,23
2025-06-14 00:00:00.000,480.1,2025,24
2025-06-21 00:00:00.000,485.3,2025,25
2025-06-28 00:00:00.000,483.6,2025,26
2025-07-05 00:00:00.000,409.2,2025,27
2025-07-12 00:00:00.000,490.6,2025,28
2025-07-19 00:00:00.000,486.8,2025,29
2025-07-26 00:00:00.000,474.2,2025,30
2025-08-02 00:00:00.000,462,2025,31
2025-08-09 00:00:00.000,462.7,2025,32
2025-08-16 00:00:00.000,457.6,2025,33
2025-08-23 00:00:00.000,476.1,2025,34
2025-08-30 00:00:00.000,488.4,2025,35
2025-09-06 00:00:00.000,421.7,2025,36
2025-09-13 00:00:00.000,502.2,2025,37
2025-09-20 00:00:00.000,481.7,2025,38
2025-09-27 00:00:00.000,491.6,2025,39
2025-10-04 00:00:00.000,500.9,2025,40
2025-10-11 00:00:00.000,488.7,2025,41
2025-10-18 00:00:00.000,502,2025,42
2025-10-25 00:00:00.000,508.4,2025,43
2025-11-01 00:00:00.000,496,2025,44
2025-11-08 00:00:00.000,505,2025,45
2025-11-15 00:00:00.000,512.8,2025,46
2025-11-22 00:00:00.000,526.9,2025,47
2025-11-29 00:00:00.000,442.9,2025,48
2025-12-06 00:00:00.000,534.6,2025,49
