symbol,time,open,high,low,close,volume,open_interest
LEV25,2024-04-30,183.925,183.925,183.925,183.925,,
LEV25,2024-05-01,183.25,183.25,181.225,181.4,15.0,8.0
LEV25,2024-05-02,183.5,184.2,183.425,183.425,23.0,31.0
LEV25,2024-05-03,184.0,184.5,183.7,183.7,16.0,46.0
LEV25,2024-05-06,182.825,183.1,182.825,182.825,13.0,56.0
LEV25,2024-05-07,184.5,184.5,183.875,184.1,6.0,60.0
LEV25,2024-05-08,183.9,183.9,182.9,183.15,3.0,63.0
LEV25,2024-05-09,183.0,183.325,182.375,182.5,6.0,64.0
LEV25,2024-05-10,182.9,182.9,182.0,182.9,2.0,64.0
LEV25,2024-05-13,183.0,183.5,182.3,182.4,81.0,103.0
LEV25,2024-05-14,183.0,184.35,183.0,184.275,15.0,114.0
LEV25,2024-05-15,184.75,185.0,184.375,184.5,17.0,126.0
LEV25,2024-05-16,185.0,185.2,184.5,184.55,86.0,184.0
LEV25,2024-05-17,185.0,185.25,184.925,185.225,5.0,188.0
LEV25,2024-05-20,185.25,185.575,185.25,185.25,2.0,189.0
LEV25,2024-05-21,185.8,186.0,185.5,186.0,21.0,210.0
LEV25,2024-05-22,186.0,187.15,186.0,187.0,117.0,318.0
LEV25,2024-05-23,186.6,187.0,186.525,186.85,40.0,355.0
LEV25,2024-05-24,186.5,186.8,186.45,186.725,25.0,365.0
LEV25,2024-05-28,186.7,187.575,186.7,187.575,23.0,384.0
LEV25,2024-05-29,187.45,187.65,185.85,186.05,30.0,394.0
LEV25,2024-05-30,185.2,185.2,184.5,185.125,16.0,402.0
LEV25,2024-05-31,184.85,184.85,184.2,184.2,18.0,411.0
LEV25,2024-06-03,183.15,184.325,182.9,184.325,60.0,445.0
LEV25,2024-06-04,184.25,185.0,184.2,184.35,14.0,451.0
LEV25,2024-06-05,184.55,184.75,183.825,183.85,21.0,467.0
LEV25,2024-06-06,182.9,182.975,182.05,182.7,28.0,488.0
LEV25,2024-06-07,182.5,183.625,182.425,183.275,66.0,529.0
LEV25,2024-06-10,183.275,185.2,183.275,184.975,36.0,540.0
LEV25,2024-06-11,184.85,184.85,184.85,184.85,1.0,540.0
LEV25,2024-06-12,185.0,185.025,184.0,184.4,27.0,554.0
LEV25,2024-06-13,184.0,184.75,183.45,184.625,9.0,556.0
LEV25,2024-06-14,185.775,187.3,185.5,186.75,162.0,625.0
LEV25,2024-06-17,186.75,186.75,186.3,186.675,15.0,631.0
LEV25,2024-06-18,186.5,186.7,186.2,186.475,31.0,641.0
LEV25,2024-06-20,186.475,187.0,185.675,186.0,41.0,660.0
LEV25,2024-06-21,185.025,185.525,185.025,185.375,9.0,663.0
LEV25,2024-06-24,185.25,185.275,184.575,185.25,6.0,664.0
LEV25,2024-06-25,185.075,185.3,185.075,185.3,60.0,669.0
LEV25,2024-06-26,185.5,186.0,185.45,186.0,52.0,694.0
LEV25,2024-06-27,185.925,186.1,185.35,185.35,63.0,696.0
LEV25,2024-06-28,184.45,185.55,184.45,184.45,14.0,694.0
LEV25,2024-07-01,183.6,183.6,182.25,183.35,13.0,700.0
LEV25,2024-07-02,184.175,184.875,184.175,184.8,72.0,726.0
LEV25,2024-07-03,184.8,185.25,184.5,185.1,277.0,870.0
LEV25,2024-07-05,184.95,185.925,184.675,185.0,165.0,918.0
LEV25,2024-07-08,185.05,185.05,183.275,183.775,41.0,929.0
LEV25,2024-07-09,183.55,183.875,181.025,182.325,133.0,985.0
LEV25,2024-07-10,182.2,182.25,180.875,181.425,169.0,1011.0
LEV25,2024-07-11,181.95,182.0,181.0,181.55,93.0,1033.0
LEV25,2024-07-12,181.125,182.875,181.1,182.55,220.0,1086.0
LEV25,2024-07-15,182.475,183.3,182.325,182.825,65.0,1097.0
LEV25,2024-07-16,182.7,183.175,182.7,183.125,172.0,1172.0
LEV25,2024-07-17,183.1,183.925,182.75,183.9,105.0,1212.0
LEV25,2024-07-18,183.85,183.85,182.1,182.375,90.0,1249.0
LEV25,2024-07-19,182.0,182.225,181.775,181.85,112.0,1280.0
LEV25,2024-07-22,182.5,183.0,182.35,182.75,41.0,1281.0
LEV25,2024-07-23,182.9,183.675,182.8,183.55,78.0,1306.0
LEV25,2024-07-24,183.625,183.8,182.525,182.575,134.0,1343.0
LEV25,2024-07-25,182.3,183.2,181.975,182.775,183.0,1361.0
LEV25,2024-07-26,182.775,183.3,182.625,183.25,24.0,1363.0
LEV25,2024-07-29,183.0,183.025,181.325,182.1,238.0,1425.0
LEV25,2024-07-30,182.0,182.55,181.45,182.35,168.0,1454.0
LEV25,2024-07-31,181.75,182.1,181.35,182.05,59.0,1465.0
LEV25,2024-08-01,181.4,181.625,179.95,180.4,294.0,1505.0
LEV25,2024-08-02,180.0,180.0,175.65,178.45,409.0,1540.0
LEV25,2024-08-05,174.925,178.025,173.325,175.375,719.0,1725.0
LEV25,2024-08-06,175.75,176.775,174.8,175.2,410.0,1831.0
LEV25,2024-08-07,175.975,176.45,175.35,175.675,194.0,1868.0
LEV25,2024-08-08,175.425,175.425,174.35,174.375,398.0,1812.0
LEV25,2024-08-09,174.3,175.525,174.0,175.475,429.0,1939.0
LEV25,2024-08-12,175.625,175.7,174.2,174.625,236.0,1974.0
LEV25,2024-08-13,174.775,175.75,174.25,175.65,462.0,2122.0
LEV25,2024-08-14,175.5,176.575,175.5,176.15,209.0,2179.0
LEV25,2024-08-15,176.325,176.5,175.55,175.7,153.0,2232.0
LEV25,2024-08-16,175.375,175.9,173.55,174.275,479.0,2314.0
LEV25,2024-08-19,174.075,175.05,174.025,174.3,137.0,2367.0
LEV25,2024-08-20,174.05,174.375,171.825,172.325,672.0,2586.0
LEV25,2024-08-21,172.025,173.675,171.4,172.8,572.0,2671.0
LEV25,2024-08-22,173.45,174.5,172.75,173.95,198.0,2611.0
LEV25,2024-08-23,174.175,174.525,173.525,173.525,209.0,2627.0
LEV25,2024-08-26,173.0,174.775,172.8,174.325,312.0,2692.0
LEV25,2024-08-27,174.5,175.8,174.425,175.55,685.0,2577.0
LEV25,2024-08-28,174.875,175.8,174.75,174.975,267.0,2612.0
LEV25,2024-08-29,174.125,174.325,173.35,173.425,161.0,2660.0
LEV25,2024-08-30,174.2,174.925,173.35,174.525,269.0,2731.0
LEV25,2024-09-03,174.5,175.225,174.0,174.0,823.0,2829.0
LEV25,2024-09-04,174.425,174.85,174.175,174.45,605.0,2801.0
LEV25,2024-09-05,173.75,174.275,173.0,173.1,537.0,2806.0
LEV25,2024-09-06,173.7,173.825,171.325,171.375,333.0,2890.0
LEV25,2024-09-09,172.275,173.2,170.5,172.9,618.0,2796.0
LEV25,2024-09-10,173.0,173.475,172.3,173.35,782.0,3090.0
LEV25,2024-09-11,173.475,174.2,172.225,173.925,185.0,3090.0
LEV25,2024-09-12,173.95,175.05,173.875,174.525,277.0,3162.0
LEV25,2024-09-13,175.0,175.125,174.075,174.7,244.0,3212.0
LEV25,2024-09-16,175.0,175.125,174.05,174.35,233.0,3310.0
LEV25,2024-09-17,174.325,175.275,174.25,175.225,202.0,3370.0
LEV25,2024-09-18,175.3,175.625,175.025,175.4,425.0,3542.0
LEV25,2024-09-19,175.6,176.675,175.525,176.2,329.0,3659.0
LEV25,2024-09-20,175.9,176.925,175.575,176.25,411.0,3709.0
LEV25,2024-09-23,176.4,177.4,176.4,177.3,701.0,3799.0
LEV25,2024-09-24,177.125,178.075,177.125,177.5,362.0,3848.0
LEV25,2024-09-25,177.1,177.875,177.1,177.55,170.0,3903.0
LEV25,2024-09-26,177.25,177.95,176.5,177.9,250.0,3973.0
LEV25,2024-09-27,177.925,178.3,177.325,177.65,596.0,4234.0
LEV25,2024-09-30,177.75,178.375,177.175,178.025,452.0,4377.0
LEV25,2024-10-01,178.15,178.525,177.5,178.175,646.0,4600.0
LEV25,2024-10-02,178.375,179.525,178.0,179.45,622.0,4708.0
LEV25,2024-10-03,179.0,179.775,178.975,179.65,655.0,4690.0
LEV25,2024-10-04,179.8,180.425,179.475,180.3,434.0,4760.0
LEV25,2024-10-07,180.05,181.8,180.05,181.775,601.0,4724.0
LEV25,2024-10-08,181.6,182.125,181.225,182.125,519.0,4630.0
LEV25,2024-10-09,182.025,182.2,180.6,181.325,814.0,4604.0
LEV25,2024-10-10,180.975,181.925,180.55,181.925,597.0,4542.0
LEV25,2024-10-11,181.65,182.1,181.625,181.825,206.0,4607.0
LEV25,2024-10-14,181.7,182.45,181.55,182.175,140.0,4618.0
LEV25,2024-10-15,182.15,182.15,180.15,181.2,510.0,4675.0
LEV25,2024-10-16,181.0,181.375,180.1,180.45,171.0,4696.0
LEV25,2024-10-17,180.6,180.9,179.825,180.275,180.0,4736.0
LEV25,2024-10-18,180.35,181.0,180.225,180.8,240.0,4797.0
LEV25,2024-10-21,180.325,180.525,180.05,180.3,211.0,4868.0
LEV25,2024-10-22,180.575,181.05,179.875,181.0,301.0,4964.0
LEV25,2024-10-23,180.825,181.55,180.15,180.95,148.0,4947.0
LEV25,2024-10-24,181.225,181.525,180.575,181.275,735.0,5079.0
LEV25,2024-10-25,181.175,181.5,180.55,181.075,348.0,5108.0
LEV25,2024-10-28,180.975,181.45,180.825,181.425,434.0,5164.0
LEV25,2024-10-29,181.25,181.425,180.225,180.475,527.0,5171.0
LEV25,2024-10-30,180.175,180.275,178.75,179.25,737.0,5324.0
LEV25,2024-10-31,179.25,179.9,178.625,179.75,1531.0,5586.0
LEV25,2024-11-01,179.875,180.5,178.55,179.8,890.0,5658.0
LEV25,2024-11-04,180.025,180.025,178.775,179.35,730.0,5842.0
LEV25,2024-11-05,179.275,180.05,179.075,179.725,768.0,6001.0
LEV25,2024-11-06,180.45,181.075,179.975,180.95,781.0,6185.0
LEV25,2024-11-07,181.175,182.05,180.7,182.0,930.0,6412.0
LEV25,2024-11-08,181.0,181.4,180.25,180.95,1312.0,6701.0
LEV25,2024-11-11,180.7,181.35,180.225,181.275,679.0,6828.0
LEV25,2024-11-12,181.25,182.45,180.925,182.35,736.0,6985.0
LEV25,2024-11-13,182.5,182.675,181.9,182.575,630.0,7158.0
LEV25,2024-11-14,182.1,182.625,181.3,181.5,828.0,7258.0
LEV25,2024-11-15,181.0,183.325,181.0,182.375,974.0,7420.0
LEV25,2024-11-18,182.8,183.95,182.625,183.85,1050.0,7722.0
LEV25,2024-11-19,183.85,185.425,183.6,185.35,1846.0,7914.0
LEV25,2024-11-20,185.0,185.475,184.775,185.325,1319.0,8093.0
LEV25,2024-11-21,185.25,185.45,184.925,185.225,952.0,8204.0
LEV25,2024-11-22,185.4,186.2,185.1,185.55,1263.0,8470.0
LEV25,2024-11-25,186.1,187.5,185.225,185.75,1283.0,8660.0
LEV25,2024-11-26,185.65,186.95,185.175,185.775,1770.0,8589.0
LEV25,2024-11-27,185.775,186.85,185.7,186.4,786.0,8684.0
LEV25,2024-11-29,186.625,187.35,186.4,187.125,1037.0,8794.0
LEV25,2024-12-02,186.9,187.925,185.825,186.85,2283.0,9051.0
LEV25,2024-12-03,186.825,188.0,186.675,187.45,1845.0,9431.0
LEV25,2024-12-04,187.45,187.575,186.125,186.35,1102.0,9643.0
LEV25,2024-12-05,186.15,186.575,184.575,184.725,1445.0,9970.0
LEV25,2024-12-06,184.9,185.8,184.9,185.175,1942.0,10423.0
LEV25,2024-12-09,185.175,186.1,185.075,185.45,1262.0,10504.0
LEV25,2024-12-10,185.475,186.825,185.2,186.775,1822.0,10275.0
LEV25,2024-12-11,186.525,188.1,186.525,188.05,2159.0,10444.0
LEV25,2024-12-12,187.925,188.15,186.725,186.875,1922.0,10625.0
LEV25,2024-12-13,186.775,187.3,186.15,186.625,1870.0,10966.0
LEV25,2024-12-16,186.55,187.35,185.95,186.425,2019.0,10732.0
LEV25,2024-12-17,186.45,186.95,186.05,186.625,1193.0,10944.0
LEV25,2024-12-18,186.475,186.875,185.3,185.85,1646.0,11249.0
LEV25,2024-12-19,185.375,185.4,183.8,184.025,2128.0,11355.0
LEV25,2024-12-20,184.275,185.275,184.075,185.075,1929.0,11532.0
LEV25,2024-12-23,184.65,185.5,184.65,185.175,823.0,11652.0
LEV25,2024-12-24,185.35,185.875,184.825,185.35,887.0,11708.0
LEV25,2024-12-26,185.55,188.0,185.475,187.775,2043.0,12087.0
LEV25,2024-12-27,187.575,188.65,187.475,188.55,1816.0,12179.0
LEV25,2024-12-30,188.55,188.825,188.075,188.75,2087.0,12338.0
LEV25,2024-12-31,188.7,189.25,188.65,189.15,1718.0,12764.0
LEV25,2025-01-02,189.0,190.65,189.0,190.25,4274.0,13321.0
LEV25,2025-01-03,190.325,190.65,188.3,188.95,3453.0,13696.0
LEV25,2025-01-06,189.225,190.725,189.0,190.675,3111.0,14015.0
LEV25,2025-01-07,190.525,191.65,190.0,191.475,3595.0,14729.0
LEV25,2025-01-08,191.15,191.55,188.725,190.125,6322.0,15537.0
LEV25,2025-01-09,190.575,191.8,190.425,191.65,4950.0,16544.0
LEV25,2025-01-10,191.975,192.55,190.975,192.45,4821.0,16740.0
LEV25,2025-01-13,192.125,192.45,191.2,191.55,2895.0,16830.0
LEV25,2025-01-14,191.3,191.7,190.075,190.675,3918.0,17506.0
LEV25,2025-01-15,190.575,192.175,190.5,192.0,2661.0,18006.0
LEV25,2025-01-16,191.7,191.775,189.85,190.975,2728.0,18532.0
LEV25,2025-01-17,190.575,191.475,189.65,190.775,2776.0,19205.0
LEV25,2025-01-21,190.85,191.175,189.9,190.775,5279.0,19942.0
LEV25,2025-01-22,190.85,193.3,190.65,193.225,6202.0,21010.0
LEV25,2025-01-23,193.1,194.075,192.475,193.6,4424.0,21911.0
LEV25,2025-01-24,193.475,194.625,193.325,193.95,5945.0,22780.0
LEV25,2025-01-27,193.75,195.9,193.2,194.4,5228.0,23133.0
LEV25,2025-01-28,194.375,197.175,194.35,197.125,7522.0,24310.0
LEV25,2025-01-29,196.75,197.325,194.275,194.65,6144.0,25239.0
LEV25,2025-01-30,194.7,195.25,192.55,193.075,5803.0,25312.0
LEV25,2025-01-31,193.3,194.375,192.05,193.7,3945.0,25282.0
LEV25,2025-02-03,192.675,194.525,191.05,191.425,6881.0,25629.0
LEV25,2025-02-04,191.625,191.95,189.725,190.25,3409.0,26054.0
LEV25,2025-02-05,190.775,192.875,190.325,192.475,3625.0,26443.0
LEV25,2025-02-06,192.325,192.4,188.075,189.575,6960.0,26791.0
LEV25,2025-02-07,189.775,190.525,189.375,190.15,3601.0,27007.0
LEV25,2025-02-10,190.15,191.325,189.475,191.175,4337.0,27812.0
LEV25,2025-02-11,190.825,190.9,188.7,190.025,3884.0,27979.0
LEV25,2025-02-12,189.725,190.625,189.475,190.35,3414.0,28523.0
LEV25,2025-02-13,190.0,191.7,189.45,191.55,4409.0,29120.0
LEV25,2025-02-14,191.6,191.95,189.9,190.2,4072.0,29500.0
LEV25,2025-02-18,190.25,191.0,189.2,190.525,6247.0,30329.0
LEV25,2025-02-19,190.5,191.575,190.125,190.9,4817.0,30010.0
LEV25,2025-02-20,190.9,190.9,189.575,190.225,3952.0,30259.0
LEV25,2025-02-21,190.175,191.2,190.125,190.825,2871.0,30330.0
LEV25,2025-02-24,190.9,192.5,190.275,192.175,5917.0,31057.0
LEV25,2025-02-25,192.05,193.575,192.0,193.125,4328.0,31493.0
LEV25,2025-02-26,193.125,193.325,191.9,192.35,6041.0,31765.0
LEV25,2025-02-27,192.05,193.2,192.025,193.025,5910.0,32267.0
LEV25,2025-02-28,193.025,193.025,190.075,190.15,6708.0,32540.0
LEV25,2025-03-03,190.2,190.525,188.05,189.475,7944.0,33631.0
LEV25,2025-03-04,188.5,190.65,186.55,190.2,8524.0,34263.0
LEV25,2025-03-05,190.3,193.0,190.025,192.925,7130.0,34345.0
LEV25,2025-03-06,192.425,193.0,191.05,192.4,7825.0,35703.0
LEV25,2025-03-07,192.45,195.825,192.3,195.35,11215.0,37261.0
LEV25,2025-03-10,195.525,196.075,194.95,195.875,8436.0,37957.0
LEV25,2025-03-11,195.6,196.5,194.65,195.225,8309.0,38817.0
LEV25,2025-03-12,195.0,197.225,195.0,196.4,8309.0,39656.0
LEV25,2025-03-13,196.325,198.0,196.075,196.55,10943.0,41265.0
LEV25,2025-03-14,196.55,197.55,195.975,197.275,6833.0,42149.0
LEV25,2025-03-17,197.35,199.675,197.3,199.625,9926.0,43357.0
LEV25,2025-03-18,199.45,200.2,198.825,199.525,9011.0,44833.0
LEV25,2025-03-19,199.5,201.175,199.3,200.5,9927.0,46545.0
LEV25,2025-03-20,200.5,201.8,200.075,201.725,9917.0,47838.0
LEV25,2025-03-21,201.325,202.875,198.525,199.125,13241.0,49087.0
LEV25,2025-03-24,201.2,201.275,198.6,198.975,11566.0,50194.0
LEV25,2025-03-25,198.85,199.725,196.025,198.6,10444.0,51567.0
LEV25,2025-03-26,198.85,199.125,197.675,198.775,8140.0,52253.0
LEV25,2025-03-27,198.775,200.825,197.45,200.725,10491.0,52947.0
LEV25,2025-03-28,200.65,201.075,199.45,199.725,10987.0,54503.0
LEV25,2025-03-31,199.5,199.625,197.45,198.775,9088.0,55445.0
LEV25,2025-04-01,198.775,201.475,197.775,201.375,12016.0,56195.0
LEV25,2025-04-02,201.2,202.525,200.725,202.325,12307.0,57261.0
LEV25,2025-04-03,199.525,201.075,198.65,199.6,10858.0,57445.0
LEV25,2025-04-04,197.475,197.975,193.1,193.1,12506.0,58279.0
LEV25,2025-04-07,190.3,193.95,188.95,189.35,16845.0,58041.0
LEV25,2025-04-08,192.0,192.775,189.525,189.725,12469.0,57753.0
LEV25,2025-04-09,189.1,194.8,187.825,193.95,14816.0,56329.0
LEV25,2025-04-10,194.075,194.075,190.975,191.875,13729.0,55026.0
LEV25,2025-04-11,192.3,194.25,191.3,193.8,11882.0,54935.0
LEV25,2025-04-14,194.225,195.4,193.925,195.075,7987.0,54536.0
LEV25,2025-04-15,195.075,196.475,195.075,196.175,8177.0,55074.0
LEV25,2025-04-16,196.0,198.2,195.875,197.575,10252.0,55834.0
LEV25,2025-04-17,197.6,198.525,197.225,198.325,9758.0,57003.0
LEV25,2025-04-21,198.325,199.25,197.4,198.225,8871.0,58130.0
LEV25,2025-04-22,198.75,201.025,198.65,200.475,9833.0,59034.0
LEV25,2025-04-23,201.025,202.35,200.65,201.7,10113.0,59495.0
LEV25,2025-04-24,201.425,202.2,201.0,202.075,9273.0,60583.0
LEV25,2025-04-25,202.0,202.375,201.1,201.975,8471.0,61072.0
LEV25,2025-04-28,202.1,203.2,201.925,203.125,6983.0,61753.0
LEV25,2025-04-29,203.0,204.25,202.975,203.275,8080.0,62261.0
LEV25,2025-04-30,203.175,203.475,201.55,201.95,10600.0,62854.0
LEV25,2025-05-01,203.35,203.675,200.875,202.225,12837.0,64338.0
LEV25,2025-05-02,202.35,204.8,202.1,204.475,15700.0,66522.0
LEV25,2025-05-05,204.25,206.5,204.225,206.4,11974.0,68146.0
LEV25,2025-05-06,206.0,207.275,205.925,206.875,12376.0,69255.0
LEV25,2025-05-07,206.775,207.3,204.25,206.175,12214.0,70088.0
LEV25,2025-05-08,206.325,207.825,205.425,207.475,12263.0,71263.0
LEV25,2025-05-09,207.3,208.425,205.975,206.95,14251.0,71808.0
LEV25,2025-05-12,208.975,209.575,207.85,208.45,15613.0,73446.0
LEV25,2025-05-13,208.4,208.9,207.675,208.45,15571.0,74149.0
LEV25,2025-05-14,208.5,211.0,205.575,206.5,21116.0,76754.0
LEV25,2025-05-15,204.8,205.525,202.225,202.675,17944.0,77364.0
LEV25,2025-05-16,202.9,204.5,202.3,203.975,13471.0,78292.0
LEV25,2025-05-19,204.2,205.65,203.875,205.075,8721.0,78941.0
LEV25,2025-05-20,204.875,205.925,204.55,205.3,8995.0,80368.0
LEV25,2025-05-21,205.3,206.325,204.925,206.075,8259.0,81022.0
LEV25,2025-05-22,206.175,208.7,206.175,208.225,10426.0,82168.0
LEV25,2025-05-23,207.55,208.55,207.5,208.1,7195.0,82344.0
LEV25,2025-05-27,208.5,208.9,204.225,207.075,13471.0,84077.0
LEV25,2025-05-28,207.175,207.775,205.525,206.075,8226.0,85032.0
LEV25,2025-05-29,206.325,208.325,206.15,208.15,7026.0,85717.0
LEV25,2025-05-30,208.575,209.5,207.25,207.4,11739.0,86003.0
LEV25,2025-06-02,208.0,209.3,207.775,209.2,8076.0,86508.0
LEV25,2025-06-03,209.2,210.975,207.45,207.925,11626.0,87580.0
LEV25,2025-06-04,208.375,210.725,208.0,210.6,8854.0,88731.0
LEV25,2025-06-05,211.25,214.15,211.25,213.975,17651.0,89743.0
LEV25,2025-06-06,214.4,215.75,213.15,215.525,16317.0,88911.0
LEV25,2025-06-09,216.0,216.475,214.35,215.875,14332.0,89211.0
LEV25,2025-06-10,215.775,216.55,213.15,215.65,18070.0,90127.0
LEV25,2025-06-11,215.65,215.8,213.3,215.025,11873.0,89703.0
LEV25,2025-06-12,215.0,215.575,213.775,214.35,12673.0,88688.0
LEV25,2025-06-13,213.75,213.8,209.7,209.925,14686.0,89292.0
LEV25,2025-06-16,210.425,213.275,210.2,212.9,11720.0,90281.0
LEV25,2025-06-17,212.7,212.725,208.1,208.55,19662.0,92559.0
LEV25,2025-06-18,208.475,209.5,207.825,209.225,9033.0,93191.0
LEV25,2025-06-20,209.575,211.4,207.125,207.35,14040.0,95372.0
LEV25,2025-06-23,206.65,208.525,205.75,207.1,14007.0,97652.0
LEV25,2025-06-24,207.925,209.25,205.725,206.95,13583.0,100036.0
LEV25,2025-06-25,207.5,208.275,205.85,206.35,13238.0,101129.0
LEV25,2025-06-26,206.35,206.925,205.025,206.35,13896.0,101032.0
LEV25,2025-06-27,206.325,210.1,206.2,209.825,13131.0,101827.0
LEV25,2025-06-30,210.075,210.9,207.925,210.175,16845.0,101326.0
LEV25,2025-07-01,208.175,209.65,207.075,207.8,21473.0,105043.0
LEV25,2025-07-02,207.5,209.875,206.125,209.7,17517.0,106494.0
LEV25,2025-07-03,210.175,211.125,209.525,210.9,12475.0,107667.0
LEV25,2025-07-07,210.45,213.575,210.075,212.95,20913.0,110420.0
LEV25,2025-07-08,213.2,217.0,213.1,216.825,43197.0,116135.0
LEV25,2025-07-09,217.0,217.95,216.4,217.35,44197.0,122180.0
LEV25,2025-07-10,218.975,220.625,215.125,217.075,54127.0,130872.0
LEV25,2025-07-11,217.4,220.525,216.625,219.7,44178.0,138759.0
LEV25,2025-07-14,219.6,219.675,216.15,216.775,43926.0,146438.0
LEV25,2025-07-15,216.95,219.55,216.575,219.275,27711.0,147831.0
LEV25,2025-07-16,219.0,221.175,218.575,220.75,23473.0,150965.0
LEV25,2025-07-17,220.9,221.0,218.8,220.325,18724.0,153997.0
LEV25,2025-07-18,220.225,220.775,218.25,219.825,20273.0,155664.0
LEV25,2025-07-21,219.825,222.075,219.1,221.625,21107.0,158931.0
LEV25,2025-07-22,221.525,221.925,220.25,221.125,20029.0,160827.0
LEV25,2025-07-23,221.125,223.9,220.775,223.5,20189.0,163997.0
LEV25,2025-07-24,223.05,223.5,221.175,222.15,23200.0,166032.0
LEV25,2025-07-25,222.5,223.525,221.6,223.15,19177.0,167883.0
LEV25,2025-07-28,224.7,225.575,222.975,224.775,25092.0,170222.0
LEV25,2025-07-29,224.6,226.6,223.575,226.45,26536.0,169715.0
LEV25,2025-07-30,226.3,230.425,226.25,229.725,32626.0,170929.0
LEV25,2025-07-31,229.775,229.85,222.475,223.15,44786.0,170098.0
LEV25,2025-08-01,224.425,225.075,222.475,223.675,30295.0,168740.0
LEV25,2025-08-04,223.9,226.2,221.9,224.1,27722.0,169073.0
LEV25,2025-08-05,224.125,228.325,224.1,227.1,30897.0,170556.0
LEV25,2025-08-06,227.425,229.925,226.075,229.65,29350.0,169135.0
LEV25,2025-08-07,229.625,232.75,228.825,232.225,30188.0,168367.0
LEV25,2025-08-08,232.0,232.375,225.6,225.975,44220.0,164932.0
LEV25,2025-08-11,226.125,227.4,224.025,226.1,28602.0,163490.0
LEV25,2025-08-12,226.775,229.95,225.525,229.025,28553.0,161683.0
LEV25,2025-08-13,230.0,232.325,227.6,229.425,33282.0,161294.0
LEV25,2025-08-14,229.4,230.325,225.25,226.825,30756.0,160178.0
LEV25,2025-08-15,226.675,231.775,226.175,230.65,31488.0,159011.0
LEV25,2025-08-18,230.8,232.175,229.225,231.175,24996.0,157783.0
LEV25,2025-08-19,231.275,232.6,230.125,231.35,21224.0,157064.0
LEV25,2025-08-20,231.3,235.625,231.3,234.85,32578.0,158943.0
LEV25,2025-08-21,234.7,235.325,232.9,234.725,23467.0,156852.0
LEV25,2025-08-22,234.5,238.125,234.125,237.875,25056.0,156014.0
LEV25,2025-08-25,235.5,237.425,233.525,236.825,26627.0,154098.0
LEV25,2025-08-26,237.025,238.525,236.775,238.2,26643.0,153421.0
LEV25,2025-08-27,238.225,242.075,237.65,239.525,41707.0,151225.0
LEV25,2025-08-28,239.175,240.125,236.6,236.925,29020.0,150433.0
LEV25,2025-08-29,237.325,239.9,235.95,239.65,35813.0,149492.0
LEV25,2025-09-02,239.45,241.2,238.4,239.525,32181.0,148279.0
LEV25,2025-09-03,239.425,239.75,236.6,238.325,29735.0,144821.0
LEV25,2025-09-04,238.525,239.025,235.35,236.95,29662.0,141415.0
LEV25,2025-09-05,237.275,237.375,235.025,235.975,29865.0,138955.0
LEV25,2025-09-08,235.875,236.875,235.15,235.8,38277.0,128959.0
LEV25,2025-09-09,235.75,235.75,229.925,230.175,52798.0,118695.0
LEV25,2025-09-10,229.075,232.45,229.0,231.15,49844.0,104920.0
LEV25,2025-09-11,231.35,234.1,229.375,232.275,46714.0,94919.0
LEV25,2025-09-12,232.125,233.825,228.8,229.975,44813.0,85649.0
LEV25,2025-09-15,230.975,234.75,230.975,234.6,28458.0,79898.0
LEV25,2025-09-16,234.275,234.625,232.25,233.45,24955.0,74279.0
LEV25,2025-09-17,232.6,233.075,229.6,231.1,24726.0,70652.0
LEV25,2025-09-18,231.85,232.65,229.45,232.375,18736.0,68576.0
LEV25,2025-09-19,232.7,234.15,232.0,233.575,17791.0,66535.0
LEV25,2025-09-22,234.175,237.9,233.9,237.15,24165.0,61626.0
LEV25,2025-09-23,237.15,237.875,235.025,235.6,15903.0,55875.0
LEV25,2025-09-24,235.5,235.775,233.45,234.05,12223.0,53105.0
LEV25,2025-09-25,233.7,233.725,230.875,232.05,12837.0,48727.0
LEV25,2025-09-26,231.35,232.65,230.25,231.8,9730.0,46780.0
LEV25,2025-09-29,232.025,232.35,230.6,231.325,9872.0,43563.0
LEV25,2025-09-30,231.2,232.0,229.2,231.85,13638.0,40393.0
LEV25,2025-10-01,231.1,232.725,230.775,231.1,12368.0,37208.0
LEV25,2025-10-02,231.05,231.275,229.75,230.525,15215.0,32845.0
LEV25,2025-10-03,230.5,231.125,229.95,231.025,8905.0,25496.0
LEV25,2025-10-06,231.0,232.475,230.05,231.875,8291.0,21307.0
LEV25,2025-10-07,232.5,233.4,231.675,233.1,4535.0,19791.0
LEV25,2025-10-08,233.2,234.575,232.775,233.85,4795.0,18527.0
LEV25,2025-10-09,234.0,235.475,233.8,235.025,2712.0,17272.0
LEV25,2025-10-10,235.05,238.75,234.375,238.475,6545.0,13790.0
LEV25,2025-10-13,238.5,240.975,238.2,240.575,3241.0,12524.0
LEV25,2025-10-14,240.225,242.275,239.55,241.825,2937.0,11652.0
LEV25,2025-10-15,241.55,242.5,240.8,242.175,4512.0,10123.0
LEV25,2025-10-16,242.3,244.425,242.3,243.95,3278.0,8578.0
LEV25,2025-10-17,242.75,243.35,239.85,240.25,5763.0,5680.0
LEV25,2025-10-20,240.775,242.925,239.975,241.85,1376.0,5145.0
LEV25,2025-10-21,241.875,244.175,241.55,243.675,865.0,4671.0
LEV25,2025-10-22,243.65,244.45,238.125,239.05,2374.0,4028.0
LEV25,2025-10-23,239.65,241.975,239.45,239.725,1614.0,3315.0
LEV25,2025-10-24,239.775,239.775,232.725,233.75,3358.0,2164.0
LEV25,2025-10-27,233.5,234.0,226.2,228.825,1559.0,1665.0
LEV25,2025-10-28,228.4,230.9,226.7,227.5,1123.0,911.0
LEV25,2025-10-29,230.0,234.1,229.6,231.4,572.0,551.0
LEV25,2025-10-30,231.425,235.5,230.35,235.275,538.0,172.0
LEV25,2025-10-31,236.0,236.8,235.5,236.6,178.0,
