report_date,published_date,group,category,description,commodity,class,volume,unit,year,indexby_year
2003-01-04,,,,,,,44900.0,,2003,1
2003-01-11,,,,,,,62900.0,,2003,2
2003-01-18,,,,,,,61200.0,,2003,3
2003-01-25,,,,,,,60500.0,,2003,4
2003-02-01,,,,,,,58000.0,,2003,5
2003-02-08,,,,,,,57500.0,,2003,6
2003-02-15,,,,,,,56600.0,,2003,7
2003-02-22,,,,,,,55600.0,,2003,8
2003-03-01,,,,,,,57300.0,,2003,9
2003-03-08,,,,,,,62500.0,,2003,10
2003-03-15,,,,,,,61900.0,,2003,11
2003-03-22,,,,,,,62700.0,,2003,12
2003-03-29,,,,,,,64500.0,,2003,13
2003-04-05,,,,,,,61500.0,,2003,14
2003-04-12,,,,,,,62200.0,,2003,15
2003-04-19,,,,,,,56500.0,,2003,16
2003-04-26,,,,,,,58300.0,,2003,17
2003-05-03,,,,,,,57400.0,,2003,18
2003-05-10,,,,,,,64000.0,,2003,19
2003-05-17,,,,,,,61100.0,,2003,20
2003-05-24,,,,,,,62300.0,,2003,21
2003-05-31,,,,,,,54700.0,,2003,22
2003-06-07,,,,,,,65500.0,,2003,23
2003-06-14,,,,,,,65100.0,,2003,24
2003-06-21,,,,,,,63100.0,,2003,25
2003-06-28,,,,,,,62600.0,,2003,26
2003-07-05,,,,,,,54000.0,,2003,27
2003-07-12,,,,,,,64400.0,,2003,28
2003-07-19,,,,,,,64200.0,,2003,29
2003-07-26,,,,,,,63800.0,,2003,30
2003-08-02,,,,,,,62700.0,,2003,31
2003-08-09,,,,,,,61000.0,,2003,32
2003-08-16,,,,,,,63300.0,,2003,33
2003-08-23,,,,,,,60800.0,,2003,34
2003-08-30,,,,,,,62300.0,,2003,35
2003-09-06,,,,,,,54000.0,,2003,36
2003-09-13,,,,,,,64800.0,,2003,37
2003-09-20,,,,,,,65200.0,,2003,38
2003-09-27,,,,,,,64400.0,,2003,39
2003-10-04,,,,,,,63800.0,,2003,40
2003-10-11,,,,,,,61900.0,,2003,41
2003-10-18,,,,,,,60100.0,,2003,42
2003-10-25,,,,,,,60400.0,,2003,43
2003-11-01,,,,,,,62500.0,,2003,44
2003-11-08,,,,,,,61100.0,,2003,45
2003-11-15,,,,,,,64900.0,,2003,46
2003-11-22,,,,,,,67100.0,,2003,47
2003-11-29,,,,,,,47300.0,,2003,48
2003-12-06,,,,,,,65900.0,,2003,49
2003-12-13,,,,,,,66700.0,,2003,50
2003-12-20,,,,,,,67200.0,,2003,51
2003-12-27,,,,,,,40300.0,,2003,52
2004-01-03,,,,,,,49600.0,,2004,1
2004-01-10,,,,,,,62000.0,,2004,2
2004-01-17,,,,,,,64300.0,,2004,3
2004-01-24,,,,,,,61500.0,,2004,4
2004-01-31,,,,,,,59000.0,,2004,5
2004-02-07,,,,,,,59100.0,,2004,6
2004-02-14,,,,,,,63600.0,,2004,7
2004-02-21,,,,,,,65500.0,,2004,8
2004-02-28,,,,,,,67800.0,,2004,9
2004-03-06,,,,,,,68900.0,,2004,10
2004-03-13,,,,,,,66200.0,,2004,11
2004-03-20,,,,,,,64000.0,,2004,12
2004-03-27,,,,,,,64200.0,,2004,13
2004-04-03,,,,,,,65600.0,,2004,14
2004-04-10,,,,,,,64300.0,,2004,15
2004-04-17,,,,,,,61900.0,,2004,16
2004-04-24,,,,,,,66600.0,,2004,17
2004-05-01,,,,,,,65200.0,,2004,18
2004-05-08,,,,,,,59000.0,,2004,19
2004-05-15,,,,,,,64200.0,,2004,20
2004-05-22,,,,,,,64500.0,,2004,21
2004-05-29,,,,,,,64500.0,,2004,22
2004-06-05,,,,,,,56600.0,,2004,23
2004-06-12,,,,,,,62500.0,,2004,24
2004-06-19,,,,,,,61300.0,,2004,25
2004-06-26,,,,,,,64100.0,,2004,26
2004-07-03,,,,,,,63200.0,,2004,27
2004-07-10,,,,,,,54900.0,,2004,28
2004-07-17,,,,,,,64500.0,,2004,29
2004-07-24,,,,,,,61500.0,,2004,30
2004-07-31,,,,,,,61900.0,,2004,31
2004-08-07,,,,,,,60100.0,,2004,32
2004-08-14,,,,,,,62100.0,,2004,33
2004-08-21,,,,,,,64900.0,,2004,34
2004-08-28,,,,,,,63800.0,,2004,35
2004-09-04,,,,,,,66000.0,,2004,36
2004-09-11,,,,,,,56700.0,,2004,37
2004-09-18,,,,,,,65000.0,,2004,38
2004-09-25,,,,,,,65700.0,,2004,39
2004-10-02,,,,,,,62500.0,,2004,40
2004-10-09,,,,,,,64900.0,,2004,41
2004-10-16,,,,,,,62600.0,,2004,42
2004-10-23,,,,,,,63000.0,,2004,43
2004-10-30,,,,,,,62400.0,,2004,44
2004-11-06,,,,,,,62100.0,,2004,45
2004-11-13,,,,,,,64600.0,,2004,46
2004-11-20,,,,,,,66200.0,,2004,47
2004-11-27,,,,,,,48600.0,,2004,48
2004-12-04,,,,,,,69500.0,,2004,49
2004-12-11,,,,,,,70100.0,,2004,50
2004-12-18,,,,,,,68300.0,,2004,51
2004-12-25,,,,,,,49300.0,,2004,52
2005-01-01,,,,,,,46300.0,,2005,1
2005-01-08,,,,,,,57600.0,,2005,2
2005-01-15,,,,,,,60700.0,,2005,3
2005-01-22,,,,,,,62100.0,,2005,4
2005-01-29,,,,,,,63300.0,,2005,5
2005-02-05,,,,,,,60800.0,,2005,6
2005-02-12,,,,,,,58600.0,,2005,7
2005-02-19,,,,,,,59500.0,,2005,8
2005-02-26,,,,,,,61600.0,,2005,9
2005-03-05,,,,,,,62800.0,,2005,10
2005-03-12,,,,,,,60200.0,,2005,11
2005-03-19,,,,,,,59800.0,,2005,12
2005-03-26,,,,,,,58400.0,,2005,13
2005-04-02,,,,,,,59800.0,,2005,14
2005-04-09,,,,,,,53700.0,,2005,15
2005-04-16,,,,,,,61900.0,,2005,16
2005-04-23,,,,,,,61100.0,,2005,17
2005-04-30,,,,,,,60400.0,,2005,18
2005-05-07,,,,,,,60200.0,,2005,19
2005-05-14,,,,,,,60700.0,,2005,20
2005-05-21,,,,,,,60100.0,,2005,21
2005-05-28,,,,,,,59300.0,,2005,22
2005-06-04,,,,,,,54100.0,,2005,23
2005-06-11,,,,,,,60800.0,,2005,24
2005-06-18,,,,,,,59400.0,,2005,25
2005-06-25,,,,,,,60200.0,,2005,26
2005-07-02,,,,,,,57400.0,,2005,27
2005-07-09,,,,,,,48900.0,,2005,28
2005-07-16,,,,,,,60300.0,,2005,29
2005-07-23,,,,,,,59000.0,,2005,30
2005-07-30,,,,,,,58400.0,,2005,31
2005-08-06,,,,,,,56200.0,,2005,32
2005-08-13,,,,,,,58600.0,,2005,33
2005-08-20,,,,,,,58600.0,,2005,34
2005-08-27,,,,,,,61600.0,,2005,35
2005-09-03,,,,,,,62400.0,,2005,36
2005-09-10,,,,,,,53500.0,,2005,37
2005-09-17,,,,,,,63500.0,,2005,38
2005-09-24,,,,,,,63300.0,,2005,39
2005-10-01,,,,,,,62400.0,,2005,40
2005-10-08,,,,,,,62900.0,,2005,41
2005-10-15,,,,,,,62400.0,,2005,42
2005-10-22,,,,,,,61300.0,,2005,43
2005-10-29,,,,,,,64900.0,,2005,44
2005-11-05,,,,,,,61400.0,,2005,45
2005-11-12,,,,,,,66000.0,,2005,46
2005-11-19,,,,,,,66100.0,,2005,47
2005-11-26,,,,,,,44800.0,,2005,48
2005-12-03,,,,,,,68000.0,,2005,49
2005-12-10,,,,,,,65600.0,,2005,50
2005-12-17,,,,,,,64800.0,,2005,51
2005-12-24,,,,,,,58300.0,,2005,52
2005-12-31,,,,,,,,,2005,53
2006-01-07,,,,,,,54700.0,,2006,1
2006-01-14,,,,,,,61900.0,,2006,2
2006-01-21,,,,,,,58500.0,,2006,3
2006-01-28,,,,,,,59700.0,,2006,4
2006-02-04,,,,,,,57700.0,,2006,5
2006-02-11,,,,,,,58000.0,,2006,6
2006-02-18,,,,,,,59000.0,,2006,7
2006-02-25,,,,,,,59800.0,,2006,8
2006-03-04,,,,,,,62200.0,,2006,9
2006-03-11,,,,,,,62400.0,,2006,10
2006-03-18,,,,,,,61800.0,,2006,11
2006-03-25,,,,,,,61500.0,,2006,12
2006-04-01,,,,,,,64100.0,,2006,13
2006-04-08,,,,,,,62000.0,,2006,14
2006-04-15,,,,,,,60800.0,,2006,15
2006-04-22,,,,,,,60300.0,,2006,16
2006-04-29,,,,,,,62600.0,,2006,17
2006-05-06,,,,,,,63300.0,,2006,18
2006-05-13,,,,,,,65500.0,,2006,19
2006-05-20,,,,,,,64100.0,,2006,20
2006-05-27,,,,,,,61000.0,,2006,21
2006-06-03,,,,,,,56600.0,,2006,22
2006-06-10,,,,,,,64500.0,,2006,23
2006-06-17,,,,,,,63900.0,,2006,24
2006-06-24,,,,,,,63600.0,,2006,25
2006-07-01,,,,,,,66400.0,,2006,26
2006-07-08,,,,,,,48600.0,,2006,27
2006-07-15,,,,,,,63500.0,,2006,28
2006-07-22,,,,,,,64400.0,,2006,29
2006-07-29,,,,,,,62100.0,,2006,30
2006-08-05,,,,,,,57600.0,,2006,31
2006-08-12,,,,,,,60700.0,,2006,32
2006-08-19,,,,,,,60400.0,,2006,33
2006-08-26,,,,,,,63000.0,,2006,34
2006-09-02,,,,,,,63700.0,,2006,35
2006-09-09,,,,,,,58200.0,,2006,36
2006-09-16,,,,,,,67700.0,,2006,37
2006-09-23,,,,,,,66200.0,,2006,38
2006-09-30,,,,,,,64600.0,,2006,39
2006-10-07,,,,,,,62000.0,,2006,40
2006-10-14,,,,,,,64200.0,,2006,41
2006-10-21,,,,,,,64300.0,,2006,42
2006-10-28,,,,,,,66300.0,,2006,43
2006-11-04,,,,,,,65400.0,,2006,44
2006-11-11,,,,,,,66800.0,,2006,45
2006-11-18,,,,,,,70400.0,,2006,46
2006-11-25,,,,,,,49800.0,,2006,47
2006-12-02,,,,,,,67200.0,,2006,48
2006-12-09,,,,,,,69200.0,,2006,49
2006-12-16,,,,,,,70600.0,,2006,50
2006-12-23,,,,,,,68100.0,,2006,51
2006-12-30,,,,,,,46200.0,,2006,52
2007-01-06,,,,,,,52400.0,,2007,1
2007-01-13,,,,,,,66200.0,,2007,2
2007-01-20,,,,,,,63100.0,,2007,3
2007-01-27,,,,,,,63900.0,,2007,4
2007-02-03,,,,,,,64200.0,,2007,5
2007-02-10,,,,,,,59400.0,,2007,6
2007-02-17,,,,,,,61400.0,,2007,7
2007-02-24,,,,,,,63100.0,,2007,8
2007-03-03,,,,,,,62300.0,,2007,9
2007-03-10,,,,,,,65700.0,,2007,10
2007-03-17,,,,,,,65500.0,,2007,11
2007-03-24,,,,,,,66000.0,,2007,12
2007-03-31,,,,,,,64500.0,,2007,13
2007-04-07,,,,,,,62000.0,,2007,14
2007-04-14,,,,,,,60100.0,,2007,15
2007-04-21,,,,,,,63000.0,,2007,16
2007-04-28,,,,,,,62900.0,,2007,17
2007-05-05,,,,,,,62700.0,,2007,18
2007-05-12,,,,,,,62700.0,,2007,19
2007-05-19,,,,,,,64000.0,,2007,20
2007-05-26,,,,,,,64400.0,,2007,21
2007-06-02,,,,,,,56200.0,,2007,22
2007-06-09,,,,,,,64900.0,,2007,23
2007-06-16,,,,,,,62000.0,,2007,24
2007-06-23,,,,,,,61800.0,,2007,25
2007-06-30,,,,,,,63500.0,,2007,26
2007-07-07,,,,,,,53600.0,,2007,27
2007-07-14,,,,,,,63400.0,,2007,28
2007-07-21,,,,,,,64500.0,,2007,29
2007-07-28,,,,,,,62700.0,,2007,30
2007-08-04,,,,,,,54300.0,,2007,31
2007-08-11,,,,,,,63500.0,,2007,32
2007-08-18,,,,,,,64300.0,,2007,33
2007-08-25,,,,,,,65700.0,,2007,34
2007-09-01,,,,,,,67700.0,,2007,35
2007-09-08,,,,,,,55400.0,,2007,36
2007-09-15,,,,,,,66100.0,,2007,37
2007-09-22,,,,,,,67700.0,,2007,38
2007-09-29,,,,,,,67500.0,,2007,39
2007-10-06,,,,,,,68400.0,,2007,40
2007-10-13,,,,,,,66800.0,,2007,41
2007-10-20,,,,,,,67100.0,,2007,42
2007-10-27,,,,,,,67500.0,,2007,43
2007-11-03,,,,,,,68600.0,,2007,44
2007-11-10,,,,,,,68200.0,,2007,45
2007-11-17,,,,,,,73200.0,,2007,46
2007-11-24,,,,,,,49100.0,,2007,47
2007-12-01,,,,,,,74000.0,,2007,48
2007-12-08,,,,,,,74200.0,,2007,49
2007-12-15,,,,,,,69900.0,,2007,50
2007-12-22,,,,,,,74500.0,,2007,51
2007-12-29,,,,,,,38700.0,,2007,52
2008-01-05,,,,,,,48300.0,,2008,1
2008-01-12,,,,,,,68700.0,,2008,2
2008-01-19,,,,,,,70500.0,,2008,3
2008-01-26,,,,,,,67700.0,,2008,4
2008-02-02,,,,,,,65000.0,,2008,5
2008-02-09,,,,,,,62800.0,,2008,6
2008-02-16,,,,,,,64300.0,,2008,7
2008-02-23,,,,,,,63000.0,,2008,8
2008-03-01,,,,,,,68700.0,,2008,9
2008-03-08,,,,,,,69300.0,,2008,10
2008-03-15,,,,,,,73000.0,,2008,11
2008-03-22,,,,,,,70100.0,,2008,12
2008-03-29,,,,,,,71700.0,,2008,13
2008-04-05,,,,,,,72200.0,,2008,14
2008-04-12,,,,,,,71900.0,,2008,15
2008-04-19,,,,,,,73100.0,,2008,16
2008-04-26,,,,,,,71100.0,,2008,17
2008-05-03,,,,,,,63400.0,,2008,18
2008-05-10,,,,,,,69300.0,,2008,19
2008-05-17,,,,,,,71400.0,,2008,20
2008-05-24,,,,,,,68100.0,,2008,21
2008-05-31,,,,,,,59300.0,,2008,22
2008-06-07,,,,,,,70100.0,,2008,23
2008-06-14,,,,,,,69300.0,,2008,24
2008-06-21,,,,,,,72500.0,,2008,25
2008-06-28,,,,,,,78400.0,,2008,26
2008-07-05,,,,,,,59800.0,,2008,27
2008-07-12,,,,,,,69700.0,,2008,28
2008-07-19,,,,,,,72400.0,,2008,29
2008-07-26,,,,,,,62200.0,,2008,30
2008-08-02,,,,,,,67600.0,,2008,31
2008-08-09,,,,,,,68400.0,,2008,32
2008-08-16,,,,,,,67000.0,,2008,33
2008-08-23,,,,,,,67700.0,,2008,34
2008-08-30,,,,,,,71400.0,,2008,35
2008-09-06,,,,,,,60800.0,,2008,36
2008-09-13,,,,,,,72900.0,,2008,37
2008-09-20,,,,,,,70700.0,,2008,38
2008-09-27,,,,,,,67300.0,,2008,39
2008-10-04,,,,,,,69900.0,,2008,40
2008-10-11,,,,,,,68100.0,,2008,41
2008-10-18,,,,,,,67900.0,,2008,42
2008-10-25,,,,,,,64100.0,,2008,43
2008-11-01,,,,,,,66600.0,,2008,44
2008-11-08,,,,,,,67000.0,,2008,45
2008-11-15,,,,,,,67200.0,,2008,46
2008-11-22,,,,,,,68600.0,,2008,47
2008-11-29,,,,,,,44500.0,,2008,48
2008-12-06,,,,,,,69000.0,,2008,49
2008-12-13,,,,,,,64900.0,,2008,50
2008-12-20,,,,,,,65700.0,,2008,51
2008-12-27,,,,,,,36500.0,,2008,52
2009-01-03,,,,,,,47800.0,,2009,1
2009-01-10,,,,,,,71200.0,,2009,2
2009-01-17,,,,,,,63900.0,,2009,3
2009-01-24,,,,,,,60800.0,,2009,4
2009-01-31,,,,,,,58400.0,,2009,5
2009-02-07,,,,,,,58300.0,,2009,6
2009-02-14,,,,,,,58900.0,,2009,7
2009-02-21,,,,,,,59300.0,,2009,8
2009-02-28,,,,,,,61200.0,,2009,9
2009-03-07,,,,,,,59300.0,,2009,10
2009-03-14,,,,,,,60400.0,,2009,11
2009-03-21,,,,,,,61400.0,,2009,12
2009-03-28,,,,,,,61100.0,,2009,13
2009-04-04,,,,,,,61100.0,,2009,14
2009-04-11,,,,,,,57400.0,,2009,15
2009-04-18,,,,,,,60400.0,,2009,16
2009-04-25,,,,,,,59100.0,,2009,17
2009-05-02,,,,,,,60000.0,,2009,18
2009-05-09,,,,,,,57600.0,,2009,19
2009-05-16,,,,,,,59100.0,,2009,20
2009-05-23,,,,,,,58500.0,,2009,21
2009-05-30,,,,,,,51100.0,,2009,22
2009-06-06,,,,,,,61000.0,,2009,23
2009-06-13,,,,,,,64900.0,,2009,24
2009-06-20,,,,,,,68400.0,,2009,25
2009-06-27,,,,,,,66900.0,,2009,26
2009-07-04,,,,,,,54600.0,,2009,27
2009-07-11,,,,,,,61500.0,,2009,28
2009-07-18,,,,,,,64600.0,,2009,29
2009-07-25,,,,,,,64200.0,,2009,30
2009-08-01,,,,,,,61200.0,,2009,31
2009-08-08,,,,,,,61900.0,,2009,32
2009-08-15,,,,,,,69100.0,,2009,33
2009-08-22,,,,,,,70700.0,,2009,34
2009-08-29,,,,,,,71300.0,,2009,35
2009-09-05,,,,,,,70800.0,,2009,36
2009-09-12,,,,,,,60100.0,,2009,37
2009-09-19,,,,,,,69900.0,,2009,38
2009-09-26,,,,,,,68200.0,,2009,39
2009-10-03,,,,,,,67400.0,,2009,40
2009-10-10,,,,,,,65300.0,,2009,41
2009-10-17,,,,,,,66200.0,,2009,42
2009-10-24,,,,,,,65900.0,,2009,43
2009-10-31,,,,,,,65200.0,,2009,44
2009-11-07,,,,,,,66700.0,,2009,45
2009-11-14,,,,,,,67400.0,,2009,46
2009-11-21,,,,,,,67600.0,,2009,47
2009-11-28,,,,,,,42500.0,,2009,48
2009-12-05,,,,,,,69700.0,,2009,49
2009-12-12,,,,,,,64400.0,,2009,50
2009-12-19,,,,,,,43700.0,,2009,51
2009-12-26,,,,,,,,,2009,52
2010-01-02,,,,,,,59100.0,,2010,1
2010-01-09,,,,,,,59000.0,,2010,2
2010-01-16,,,,,,,61800.0,,2010,3
2010-01-23,,,,,,,63330.0,,2010,4
2010-01-30,,,,,,,57800.0,,2010,5
2010-02-06,,,,,,,55200.0,,2010,6
2010-02-13,,,,,,,53800.0,,2010,7
2010-02-20,,,,,,,57700.0,,2010,8
2010-02-27,,,,,,,61900.0,,2010,9
2010-03-06,,,,,,,61000.0,,2010,10
2010-03-13,,,,,,,61600.0,,2010,11
2010-03-20,,,,,,,61400.0,,2010,12
2010-03-27,,,,,,,61200.0,,2010,13
2010-04-03,,,,,,,56500.0,,2010,14
2010-04-10,,,,,,,56800.0,,2010,15
2010-04-17,,,,,,,56700.0,,2010,16
2010-04-24,,,,,,,55400.0,,2010,17
2010-05-01,,,,,,,54700.0,,2010,18
2010-05-08,,,,,,,55400.0,,2010,19
2010-05-15,,,,,,,54200.0,,2010,20
2010-05-22,,,,,,,55500.0,,2010,21
2010-05-29,,,,,,,53900.0,,2010,22
2010-06-05,,,,,,,48700.0,,2010,23
2010-06-12,,,,,,,56100.0,,2010,24
2010-06-19,,,,,,,54500.0,,2010,25
2010-06-26,,,,,,,53500.0,,2010,26
2010-07-03,,,,,,,54100.0,,2010,27
2010-07-10,,,,,,,51900.0,,2010,28
2010-07-17,,,,,,,56400.0,,2010,29
2010-07-24,,,,,,,53800.0,,2010,30
2010-07-31,,,,,,,56000.0,,2010,31
2010-08-07,,,,,,,54300.0,,2010,32
2010-08-14,,,,,,,53100.0,,2010,33
2010-08-21,,,,,,,56200.0,,2010,34
2010-08-28,,,,,,,58200.0,,2010,35
2010-09-04,,,,,,,56200.0,,2010,36
2010-09-11,,,,,,,52300.0,,2010,37
2010-09-18,,,,,,,58700.0,,2010,38
2010-09-25,,,,,,,58900.0,,2010,39
2010-10-02,,,,,,,58600.0,,2010,40
2010-10-09,,,,,,,60900.0,,2010,41
2010-10-16,,,,,,,61200.0,,2010,42
2010-10-23,,,,,,,61900.0,,2010,43
2010-10-30,,,,,,,62900.0,,2010,44
2010-11-06,,,,,,,64300.0,,2010,45
2010-11-13,,,,,,,64100.0,,2010,46
2010-11-20,,,,,,,62600.0,,2010,47
2010-11-27,,,,,,,40900.0,,2010,48
2010-12-04,,,,,,,64700.0,,2010,49
2010-12-11,,,,,,,61700.0,,2010,50
2010-12-18,,,,,,,64700.0,,2010,51
2010-12-25,,,,,,,61700.0,,2010,52
2011-01-01,,,,,,,45000.0,,2011,1
2011-01-08,,,,,,,56700.0,,2011,2
2011-01-21,,,,,,,57900.0,,2011,3
2011-01-28,,,,,,,56700.0,,2011,4
2011-02-04,,,,,,,57600.0,,2011,5
2011-02-11,,,,,,,49000.0,,2011,6
2011-02-18,,,,,,,56900.0,,2011,7
2011-02-25,,,,,,,58400.0,,2011,8
2011-03-04,,,,,,,56700.0,,2011,9
2011-03-11,,,,,,,56800.0,,2011,10
2011-03-18,,,,,,,60200.0,,2011,11
2011-03-25,,,,,,,59100.0,,2011,12
2011-04-01,,,,,,,57400.0,,2011,13
2011-04-08,,,,,,,50300.0,,2011,14
2011-04-15,,,,,,,55700.0,,2011,15
2011-04-22,,,,,,,58600.0,,2011,16
2011-04-29,,,,,,,55600.0,,2011,17
2011-05-06,,,,,,,57000.0,,2011,18
2011-05-13,,,,,,,57500.0,,2011,19
2011-05-20,,,,,,,55600.0,,2011,20
2011-05-27,,,,,,,59200.0,,2011,21
2011-06-03,,,,,,,56800.0,,2011,22
2011-06-10,,,,,,,50000.0,,2011,23
2011-06-17,,,,,,,58700.0,,2011,24
2011-06-24,,,,,,,59900.0,,2011,25
2011-07-01,,,,,,,61000.0,,2011,26
2011-07-08,,,,,,,59600.0,,2011,27
2011-07-15,,,,,,,50400.0,,2011,28
2011-07-22,,,,,,,56100.0,,2011,29
2011-07-29,,,,,,,54600.0,,2011,30
2011-08-05,,,,,,,58300.0,,2011,31
2011-08-12,,,,,,,55200.0,,2011,32
2011-08-19,,,,,,,57900.0,,2011,33
2011-08-26,,,,,,,57800.0,,2011,34
2011-09-02,,,,,,,62500.0,,2011,35
2011-09-09,,,,,,,59800.0,,2011,36
2011-09-16,,,,,,,50400.0,,2011,37
2011-09-23,,,,,,,65000.0,,2011,38
2011-09-30,,,,,,,64900.0,,2011,39
2011-10-07,,,,,,,62800.0,,2011,40
2011-10-14,,,,,,,62400.0,,2011,41
2011-10-21,,,,,,,62100.0,,2011,42
2011-10-28,,,,,,,65200.0,,2011,43
2011-11-04,,,,,,,63000.0,,2011,44
2011-11-11,,,,,,,66100.0,,2011,45
2011-11-18,,,,,,,63700.0,,2011,46
2011-11-25,,,,,,,66400.0,,2011,47
2011-12-02,,,,,,,43700.0,,2011,48
2011-12-09,,,,,,,67300.0,,2011,49
2011-12-16,,,,,,,67700.0,,2011,50
2011-12-23,,,,,,,64700.0,,2011,51
2011-12-30,,,,,,,53300.0,,2011,52
2012-01-07,,,,,,,51800.0,,2012,1
2012-01-14,,,,,,,59500.0,,2012,2
2012-01-21,,,,,,,57500.0,,2012,3
2012-01-28,,,,,,,52300.0,,2012,4
2012-02-04,,,,,,,56900.0,,2012,5
2012-02-11,,,,,,,56800.0,,2012,6
2012-02-18,,,,,,,57100.0,,2012,7
2012-02-25,,,,,,,54900.0,,2012,8
2012-03-03,,,,,,,55700.0,,2012,9
2012-03-10,,,,,,,54800.0,,2012,10
2012-03-17,,,,,,,55800.0,,2012,11
2012-03-24,,,,,,,55600.0,,2012,12
2012-03-31,,,,,,,55900.0,,2012,13
2012-04-07,,,,,,,53300.0,,2012,14
2012-04-14,,,,,,,54800.0,,2012,15
2012-04-21,,,,,,,56000.0,,2012,16
2012-04-28,,,,,,,57800.0,,2012,17
2012-05-05,,,,,,,56900.0,,2012,18
2012-05-12,,,,,,,56800.0,,2012,19
2012-05-19,,,,,,,56900.0,,2012,20
2012-05-26,,,,,,,57000.0,,2012,21
2012-06-02,,,,,,,43500.0,,2012,22
2012-06-09,,,,,,,59700.0,,2012,23
2012-06-16,,,,,,,59700.0,,2012,24
2012-06-23,,,,,,,57100.0,,2012,25
2012-06-30,,,,,,,56000.0,,2012,26
2012-07-07,,,,,,,43200.0,,2012,27
2012-07-14,,,,,,,57700.0,,2012,28
2012-07-21,,,,,,,56500.0,,2012,29
2012-07-28,,,,,,,61400.0,,2012,30
2012-08-04,,,,,,,62900.0,,2012,31
2012-08-11,,,,,,,61300.0,,2012,32
2012-08-18,,,,,,,60100.0,,2012,33
2012-08-25,,,,,,,60500.0,,2012,34
2012-09-01,,,,,,,60900.0,,2012,35
2012-09-08,,,,,,,53600.0,,2012,36
2012-09-15,,,,,,,64900.0,,2012,37
2012-09-22,,,,,,,66700.0,,2012,38
2012-09-29,,,,,,,66000.0,,2012,39
2012-10-06,,,,,,,67300.0,,2012,40
2012-10-13,,,,,,,62700.0,,2012,41
2012-10-20,,,,,,,63800.0,,2012,42
2012-10-27,,,,,,,60500.0,,2012,43
2012-11-03,,,,,,,60200.0,,2012,44
2012-11-10,,,,,,,64200.0,,2012,45
2012-11-17,,,,,,,62000.0,,2012,46
2012-11-24,,,,,,,43600.0,,2012,47
2012-12-01,,,,,,,64500.0,,2012,48
2012-12-08,,,,,,,65500.0,,2012,49
2012-12-15,,,,,,,65100.0,,2012,50
2012-12-22,,,,,,,62200.0,,2012,51
2012-12-29,,,,,,,34980.0,,2012,52
2013-01-05,,,,,,,46600.0,,2013,1
2013-01-12,,,,,,,56450.0,,2013,2
2013-01-19,,,,,,,59740.0,,2013,3
2013-01-26,,,,,,,57300.0,,2013,4
2013-02-02,,,,,,,55300.0,,2013,5
2013-02-09,,,,,,,57100.0,,2013,6
2013-02-16,,,,,,,56690.0,,2013,7
2013-02-23,,,,,,,55250.0,,2013,8
2013-03-02,,,,,,,54930.0,,2013,9
2013-03-09,,,,,,,56950.0,,2013,10
2013-03-16,,,,,,,60500.0,,2013,11
2013-03-23,,,,,,,57980.0,,2013,12
2013-03-30,,,,,,,57910.0,,2013,13
2013-04-06,,,,,,,60280.0,,2013,14
2013-04-13,,,,,,,55700.0,,2013,15
2013-04-20,,,,,,,58800.0,,2013,16
2013-04-27,,,,,,,58700.0,,2013,17
2013-05-04,,,,,,,53060.0,,2013,18
2013-05-11,,,,,,,58940.0,,2013,19
2013-05-18,,,,,,,55990.0,,2013,20
2013-05-25,,,,,,,59245.0,,2013,21
2013-06-01,,,,,,,51319.0,,2013,22
2013-06-08,,,,,,,50650.0,,2013,23
2013-06-15,,,,,,,58000.0,,2013,24
2013-06-22,,,,,,,56260.0,,2013,25
2013-06-29,,,,,,,55160.0,,2013,26
2013-07-06,,,,,,,39490.0,,2013,27
2013-07-13,,,,,,,57640.0,,2013,28
2013-07-20,,,,,,,56398.0,,2013,29
2013-07-27,,,,,,,57100.0,,2013,30
2013-08-03,,,,,,,58020.0,,2013,31
2013-08-10,,,,,,,55180.0,,2013,32
2013-08-17,,,,,,,55710.0,,2013,33
2013-08-24,,,,,,,54650.0,,2013,34
2013-08-31,,,,,,,55930.0,,2013,35
2013-09-07,,,,,,,49049.0,,2013,36
2013-09-14,,,,,,,59160.0,,2013,37
2013-09-21,,,,,,,58020.0,,2013,38
2013-09-28,,,,,,,59590.0,,2013,39
2013-10-05,,,,,,,57030.0,,2013,40
2013-10-12,,,,,,,58040.0,,2013,41
2013-10-19,,,,,,,59220.0,,2013,42
2013-10-26,,,,,,,59830.0,,2013,43
2013-11-02,,,,,,,59180.0,,2013,44
2013-11-09,,,,,,,60240.0,,2013,45
2013-11-16,,,,,,,58850.0,,2013,46
2013-11-23,,,,,,,60330.0,,2013,47
2013-11-30,,,,,,,44217.0,,2013,48
2013-12-07,,,,,,,60250.0,,2013,49
2013-12-14,,,,,,,62300.0,,2013,50
2013-12-21,,,,,,,60280.0,,2013,51
2013-12-28,,,,,,,38361.0,,2013,52
2014-01-04,,,,,,,42997.0,,2014,1
2014-01-11,,,,,,,50374.0,,2014,2
2014-01-18,,,,,,,56195.0,,2014,3
2014-01-25,,,,,,,56402.0,,2014,4
2014-02-01,,,,,,,53913.0,,2014,5
2014-02-08,,,,,,,50770.0,,2014,6
2014-02-15,,,,,,,55580.0,,2014,7
2014-02-22,,,,,,,56640.0,,2014,8
2014-03-01,,,,,,,53600.0,,2014,9
2014-03-08,,,,,,,54928.0,,2014,10
2014-03-15,,,,,,,57410.0,,2014,11
2014-03-22,,,,,,,50505.0,,2014,12
2014-03-29,,,,,,,55840.0,,2014,13
2014-04-05,,,,,,,54166.0,,2014,14
2014-04-12,,,,,,,54560.0,,2014,15
2014-04-19,,,,,,,52710.0,,2014,16
2014-04-26,,,,,,,53592.0,,2014,17
2014-05-03,,,,,,,53240.0,,2014,18
2014-05-10,,,,,,,52536.0,,2014,19
2014-05-17,,,,,,,52758.0,,2014,20
2014-05-24,,,,,,,50806.0,,2014,21
2014-05-31,,,,,,,45706.0,,2014,22
2014-06-07,,,,,,,52809.0,,2014,23
2014-06-14,,,,,,,53899.0,,2014,24
2014-06-21,,,,,,,51640.0,,2014,25
2014-06-28,,,,,,,50278.0,,2014,26
2014-07-05,,,,,,,42926.0,,2014,27
2014-07-12,,,,,,,51637.0,,2014,28
2014-07-19,,,,,,,53085.0,,2014,29
2014-07-26,,,,,,,50454.0,,2014,30
2014-08-02,,,,,,,51487.0,,2014,31
2014-08-09,,,,,,,52420.0,,2014,32
2014-08-16,,,,,,,50857.0,,2014,33
2014-08-23,,,,,,,52492.0,,2014,34
2014-08-30,,,,,,,52790.0,,2014,35
2014-09-06,,,,,,,46271.0,,2014,36
2014-09-13,,,,,,,56039.0,,2014,37
2014-09-20,,,,,,,55164.0,,2014,38
2014-09-27,,,,,,,56447.0,,2014,39
2014-10-04,,,,,,,57399.0,,2014,40
2014-10-11,,,,,,,56252.0,,2014,41
2014-10-18,,,,,,,54829.0,,2014,42
2014-10-25,,,,,,,54826.0,,2014,43
2014-11-01,,,,,,,58922.0,,2014,44
2014-11-08,,,,,,,57641.0,,2014,45
2014-11-15,,,,,,,57455.0,,2014,46
2014-11-22,,,,,,,60802.0,,2014,47
2014-11-29,,,,,,,42646.0,,2014,48
2014-12-06,,,,,,,62529.0,,2014,49
2014-12-13,,,,,,,63827.0,,2014,50
2014-12-20,,,,,,,62782.0,,2014,51
2014-12-27,,,,,,,36466.0,,2014,52
2015-01-03,,,,,,,40549.0,,2015,1
2015-01-10,,,,,,,56689.0,,2015,2
2015-01-17,,,,,,,58211.0,,2015,3
2015-01-24,,,,,,,57310.0,,2015,4
2015-01-31,,,,,,,54740.0,,2015,5
2015-02-07,,,,,,,56017.0,,2015,6
2015-02-14,,,,,,,54798.0,,2015,7
2015-02-21,,,,,,,54146.0,,2015,8
2015-02-28,,,,,,,56831.0,,2015,9
2015-03-07,,,,,,,53549.0,,2015,10
2015-03-14,,,,,,,58522.0,,2015,11
2015-03-21,,,,,,,56410.0,,2015,12
2015-03-28,,,,,,,56050.0,,2015,13
2015-04-04,,,,,,,53168.0,,2015,14
2015-04-11,,,,,,,54097.0,,2015,15
2015-04-18,,,,,,,53442.0,,2015,16
2015-04-25,,,,,,,46767.0,,2015,17
2015-05-02,,,,,,,58367.0,,2015,18
2015-05-09,,,,,,,57346.0,,2015,19
2015-05-16,,,,,,,59546.0,,2015,20
2015-05-23,,,,,,,55604.0,,2015,21
2015-05-30,,,,,,,48841.0,,2015,22
2015-06-06,,,,,,,58928.0,,2015,23
2015-06-13,,,,,,,56543.0,,2015,24
2015-06-20,,,,,,,57260.0,,2015,25
2015-06-27,,,,,,,57195.0,,2015,26
2015-07-04,,,,,,,47245.0,,2015,27
2015-07-11,,,,,,,55440.0,,2015,28
2015-07-18,,,,,,,55610.0,,2015,29
2015-07-25,,,,,,,54397.0,,2015,30
2015-08-01,,,,,,,54878.0,,2015,31
2015-08-08,,,,,,,54497.0,,2015,32
2015-08-15,,,,,,,53839.0,,2015,33
2015-08-22,,,,,,,54862.0,,2015,34
2015-08-29,,,,,,,55191.0,,2015,35
2015-09-05,,,,,,,52609.0,,2015,36
2015-09-12,,,,,,,48855.0,,2015,37
2015-09-19,,,,,,,59477.0,,2015,38
2015-09-26,,,,,,,59650.0,,2015,39
2015-10-03,,,,,,,54836.0,,2015,40
2015-10-10,,,,,,,56138.0,,2015,41
2015-10-17,,,,,,,54909.0,,2015,42
2015-10-24,,,,,,,54346.0,,2015,43
2015-10-31,,,,,,,57497.0,,2015,44
2015-11-07,,,,,,,52911.0,,2015,45
2015-11-14,,,,,,,58877.0,,2015,46
2015-11-21,,,,,,,59113.0,,2015,47
2015-11-28,,,,,,,37240.0,,2015,48
2015-12-05,,,,,,,57538.0,,2015,49
2015-12-12,,,,,,,60561.0,,2015,50
2015-12-19,,,,,,,63120.0,,2015,51
2015-12-26,,,,,,,39240.0,,2015,52
2016-01-02,,,,,,,40309.0,,2016,1
2016-01-09,,,,,,,58464.0,,2016,2
2016-01-16,,,,,,,59279.0,,2016,3
2016-01-23,,,,,,,53269.0,,2016,4
2016-01-30,,,,,,,60201.0,,2016,5
2016-02-06,,,,,,,55466.0,,2016,6
2016-02-13,,,,,,,55562.0,,2016,7
2016-02-20,,,,,,,54990.0,,2016,8
2016-02-27,,,,,,,58871.0,,2016,9
2016-03-05,,,,,,,59353.0,,2016,10
2016-03-12,,,,,,,56598.0,,2016,11
2016-03-19,,,,,,,56234.0,,2016,12
2016-03-26,,,,,,,52036.0,,2016,13
2016-04-02,,,,,,,55368.0,,2016,14
2016-04-09,,,,,,,54874.0,,2016,15
2016-04-16,,,,,,,56288.0,,2016,16
2016-04-23,,,,,,,55543.0,,2016,17
2016-04-30,,,,,,,56575.0,,2016,18
2016-05-07,,,,,,,56964.0,,2016,19
2016-05-14,,,,,,,52224.0,,2016,20
2016-05-21,,,,,,,52177.0,,2016,21
2016-05-28,,,,,,,48130.0,,2016,22
2016-06-04,,,,,,,55310.0,,2016,23
2016-06-11,,,,,,,54158.0,,2016,24
2016-06-18,,,,,,,49361.0,,2016,25
2016-06-25,,,,,,,47214.0,,2016,26
2016-07-02,,,,,,,54304.0,,2016,27
2016-07-09,,,,,,,55880.0,,2016,28
2016-07-16,,,,,,,55317.0,,2016,29
2016-07-23,,,,,,,54780.0,,2016,30
2016-07-30,,,,,,,52932.0,,2016,31
2016-08-06,,,,,,,55621.0,,2016,32
2016-08-13,,,,,,,56167.0,,2016,33
2016-08-20,,,,,,,57091.0,,2016,34
2016-08-27,,,,,,,47887.0,,2016,35
2016-09-03,,,,,,,60354.0,,2016,36
2016-09-10,,,,,,,58676.0,,2016,37
2016-09-17,,,,,,,58341.0,,2016,38
2016-09-24,,,,,,,54848.0,,2016,39
2016-10-01,,,,,,,53460.0,,2016,40
2016-10-08,,,,,,,51546.0,,2016,41
2016-10-15,,,,,,,57861.0,,2016,42
2016-10-22,,,,,,,58641.0,,2016,43
2016-10-29,,,,,,,60903.0,,2016,44
2016-11-05,,,,,,,58018.0,,2016,45
2016-11-12,,,,,,,61424.0,,2016,46
2016-11-19,,,,,,,60987.0,,2016,47
2016-11-26,,,,,,,41517.0,,2016,48
2016-12-03,,,,,,,63464.0,,2016,49
2016-12-10,,,,,,,59812.0,,2016,50
2016-12-17,,,,,,,59453.0,,2016,51
2016-12-24,,,,,,,56227.0,,2016,52
2016-12-31,,,,,,,40117.0,,2016,53
2017-01-07,,,,,,,48629.0,,2017,1
2017-01-14,,,,,,,58573.0,,2017,2
2017-01-21,,,,,,,55825.0,,2017,3
2017-01-28,,,,,,,58139.0,,2017,4
2017-02-04,,,,,,,59834.0,,2017,5
2017-02-11,,,,,,,58628.0,,2017,6
2017-02-18,,,,,,,57628.0,,2017,7
2017-02-25,,,,,,,57478.0,,2017,8
2017-03-04,,,,,,,58604.0,,2017,9
2017-03-11,,,,,,,58340.0,,2017,10
2017-03-18,,,,,,,58480.0,,2017,11
2017-03-25,,,,,,,59110.0,,2017,12
2017-04-01,,,,,,,59925.0,,2017,13
2017-04-08,,,,,,,59543.0,,2017,14
2017-04-15,,,,,,,55773.0,,2017,15
2017-04-22,,,,,,,58988.0,,2017,16
2017-04-29,,,,,,,58257.0,,2017,17
2017-05-06,,,,,,,57627.0,,2017,18
2017-05-13,,,,,,,58402.0,,2017,19
2017-05-20,,,,,,,57369.0,,2017,20
2017-05-27,,,,,,,58160.0,,2017,21
2017-06-03,,,,,,,45094.0,,2017,22
2017-06-10,,,,,,,61044.0,,2017,23
2017-06-17,,,,,,,58332.0,,2017,24
2017-06-24,,,,,,,58048.0,,2017,25
2017-07-01,,,,,,,57791.0,,2017,26
2017-07-08,,,,,,,43444.0,,2017,27
2017-07-15,,,,,,,56227.0,,2017,28
2017-07-22,,,,,,,54339.0,,2017,29
2017-07-29,,,,,,,54405.0,,2017,30
2017-08-05,,,,,,,56704.0,,2017,31
2017-08-12,,,,,,,55986.0,,2017,32
2017-08-19,,,,,,,55270.0,,2017,33
2017-08-26,,,,,,,53299.0,,2017,34
2017-09-02,,,,,,,56075.0,,2017,35
2017-09-09,,,,,,,48371.0,,2017,36
2017-09-16,,,,,,,56264.0,,2017,37
2017-09-23,,,,,,,59391.0,,2017,38
2017-09-30,,,,,,,57790.0,,2017,39
2017-10-07,,,,,,,58816.0,,2017,40
2017-10-14,,,,,,,56813.0,,2017,41
2017-10-21,,,,,,,61581.0,,2017,42
2017-10-28,,,,,,,59879.0,,2017,43
2017-11-04,,,,,,,56343.0,,2017,44
2017-11-11,,,,,,,61848.0,,2017,45
2017-11-18,,,,,,,63257.0,,2017,46
2017-11-25,,,,,,,40552.0,,2017,47
2017-12-02,,,,,,,64463.0,,2017,48
2017-12-09,,,,,,,63487.0,,2017,49
2017-12-16,,,,,,,64905.0,,2017,50
2017-12-23,,,,,,,60157.0,,2017,51
2017-12-30,,,,,,,38550.0,,2017,52
2018-01-06,,,,,,,46881.0,,2018,1
2018-01-13,,,,,,,60241.0,,2018,2
2018-01-20,,,,,,,61161.0,,2018,3
2018-01-27,,,,,,,58307.0,,2018,4
2018-02-03,,,,,,,61490.0,,2018,5
2018-02-10,,,,,,,59863.0,,2018,6
2018-02-17,,,,,,,59320.0,,2018,7
2018-02-24,,,,,,,57425.0,,2018,8
2018-03-03,,,,,,,57970.0,,2018,9
2018-03-10,,,,,,,58258.0,,2018,10
2018-03-17,,,,,,,60409.0,,2018,11
2018-03-24,,,,,,,60398.0,,2018,12
2018-03-31,,,,,,,55106.0,,2018,13
2018-04-07,,,,,,,60445.0,,2018,14
2018-04-14,,,,,,,59259.0,,2018,15
2018-04-21,,,,,,,57566.0,,2018,16
2018-04-28,,,,,,,56832.0,,2018,17
2018-05-05,,,,,,,57093.0,,2018,18
2018-05-12,,,,,,,58266.0,,2018,19
2018-05-19,,,,,,,59307.0,,2018,20
2018-05-26,,,,,,,57411.0,,2018,21
2018-06-02,,,,,,,50683.0,,2018,22
2018-06-09,,,,,,,55761.0,,2018,23
2018-06-16,,,,,,,60611.0,,2018,24
2018-06-23,,,,,,,58015.0,,2018,25
2018-06-30,,,,,,,59247.0,,2018,26
2018-07-07,,,,,,,43602.0,,2018,27
2018-07-14,,,,,,,58405.0,,2018,28
2018-07-21,,,,,,,57406.0,,2018,29
2018-07-28,,,,,,,59369.0,,2018,30
2018-08-04,,,,,,,56319.0,,2018,31
2018-08-11,,,,,,,56886.0,,2018,32
2018-08-18,,,,,,,58434.0,,2018,33
2018-08-25,,,,,,,58660.0,,2018,34
2018-09-01,,,,,,,60193.0,,2018,35
2018-09-08,,,,,,,51318.0,,2018,36
2018-09-15,,,,,,,58207.0,,2018,37
2018-09-22,,,,,,,56181.0,,2018,38
2018-09-29,,,,,,,60102.0,,2018,39
2018-10-06,,,,,,,60897.0,,2018,40
2018-10-13,,,,,,,60218.0,,2018,41
2018-10-20,,,,,,,60103.0,,2018,42
2018-10-27,,,,,,,62180.0,,2018,43
2018-11-03,,,,,,,61939.0,,2018,44
2018-11-10,,,,,,,59187.0,,2018,45
2018-11-17,,,,,,,64966.0,,2018,46
2018-11-24,,,,,,,41481.0,,2018,47
2018-12-01,,,,,,,64055.0,,2018,48
2018-12-08,,,,,,,62376.0,,2018,49
2018-12-15,,,,,,,64722.0,,2018,50
2018-12-22,,,,,,,66196.0,,2018,51
2018-12-29,,,,,,,41445.0,,2018,52
2019-01-05,,,,,,,42789.0,,2019,1
2019-01-12,,,,,,,61605.0,,2019,2
2019-01-19,,,,,,,61611.0,,2019,3
2019-01-26,,,,,,,60997.0,,2019,4
2019-02-02,,,,,,,52830.0,,2019,5
2019-02-09,,,,,,,57632.0,,2019,6
2019-02-16,,,,,,,57176.0,,2019,7
2019-02-23,,,,,,,58637.0,,2019,8
2019-03-02,,,,,,,58218.0,,2019,9
2019-03-09,,,,,,,57259.0,,2019,10
2019-03-16,,,,,,,59987.0,,2019,11
2019-03-23,,,,,,,59542.0,,2019,12
2019-03-30,,,,,,,60971.0,,2019,13
2019-04-06,,,,,,,60320.0,,2019,14
2019-04-13,,,,,,,60044.0,,2019,15
2019-04-20,,,,,,,54196.0,,2019,16
2019-04-27,,,,,,,59904.0,,2019,17
2019-05-04,,,,,,,55454.0,,2019,18
2019-05-11,,,,,,,58806.0,,2019,19
2019-05-18,,,,,,,57687.0,,2019,20
2019-05-25,,,,,,,52895.0,,2019,21
2019-06-01,,,,,,,49341.0,,2019,22
2019-06-08,,,,,,,59305.0,,2019,23
2019-06-15,,,,,,,59901.0,,2019,24
2019-06-22,,,,,,,59373.0,,2019,25
2019-06-29,,,,,,,63017.0,,2019,26
2019-07-06,,,,,,,41879.0,,2019,27
2019-07-13,,,,,,,59899.0,,2019,28
2019-07-20,,,,,,,59167.0,,2019,29
2019-07-27,,,,,,,58370.0,,2019,30
2019-08-03,,,,,,,55833.0,,2019,31
2019-08-10,,,,,,,56232.0,,2019,32
2019-08-17,,,,,,,55762.0,,2019,33
2019-08-24,,,,,,,55417.0,,2019,34
2019-08-31,,,,,,,55611.0,,2019,35
2019-09-07,,,,,,,49614.0,,2019,36
2019-09-14,,,,,,,61809.0,,2019,37
2019-09-21,,,,,,,61310.0,,2019,38
2019-09-28,,,,,,,55969.0,,2019,39
2019-10-05,,,,,,,56608.0,,2019,40
2019-10-12,,,,,,,62405.0,,2019,41
2019-10-19,,,,,,,59058.0,,2019,42
2019-10-26,,,,,,,60646.0,,2019,43
2019-11-02,,,,,,,59677.0,,2019,44
2019-11-09,,,,,,,62804.0,,2019,45
2019-11-16,,,,,,,62797.0,,2019,46
2019-11-23,,,,,,,65184.0,,2019,47
2019-11-30,,,,,,,41518.0,,2019,48
2019-12-07,,,,,,,67204.0,,2019,49
2019-12-14,,,,,,,65459.0,,2019,50
2019-12-21,,,,,,,65772.0,,2019,51
2019-12-28,,,,,,,37584.0,,2019,52
2020-01-04,,,,,,,46909.0,,2020,1
2020-01-11,,,,,,,66051.0,,2020,2
2020-01-18,,,,,,,65949.0,,2020,3
2020-01-25,,,,,,,61805.0,,2020,4
2020-02-01,,,,,,,62323.0,,2020,5
2020-02-08,,,,,,,63771.0,,2020,6
2020-02-15,,,,,,,61260.0,,2020,7
2020-02-22,,,,,,,58766.0,,2020,8
2020-02-29,,,,,,,63890.0,,2020,9
2020-03-07,,,,,,,62760.0,,2020,10
2020-03-14,,,,,,,61747.0,,2020,11
2020-03-21,,,,,,,66541.0,,2020,12
2020-03-28,,,,,,,67201.0,,2020,13
2020-04-04,,,,,,,67408.0,,2020,14
2020-04-11,,,,,,,61473.0,,2020,15
2020-04-18,,,,,,,67945.0,,2020,16
2020-04-25,,,,,,,68409.0,,2020,17
2020-05-02,,,,,,,65846.0,,2020,18
2020-05-09,,,,,,,70296.0,,2020,19
2020-05-16,,,,,,,69753.0,,2020,20
2020-05-23,,,,,,,67544.0,,2020,21
2020-05-30,,,,,,,55735.0,,2020,22
2020-06-06,,,,,,,69290.0,,2020,23
2020-06-13,,,,,,,67292.0,,2020,24
2020-06-20,,,,,,,64255.0,,2020,25
2020-06-27,,,,,,,67801.0,,2020,26
2020-07-04,,,,,,,50622.0,,2020,27
2020-07-11,,,,,,,66966.0,,2020,28
2020-07-18,,,,,,,65502.0,,2020,29
2020-07-25,,,,,,,59840.0,,2020,30
2020-08-01,,,,,,,63417.0,,2020,31
2020-08-08,,,,,,,65872.0,,2020,32
2020-08-15,,,,,,,63079.0,,2020,33
2020-08-22,,,,,,,66952.0,,2020,34
2020-08-29,,,,,,,65084.0,,2020,35
2020-09-05,,,,,,,61242.0,,2020,36
2020-09-12,,,,,,,56807.0,,2020,37
2020-09-19,,,,,,,66145.0,,2020,38
2020-09-26,,,,,,,65277.0,,2020,39
2020-10-03,,,,,,,65892.0,,2020,40
2020-10-10,,,,,,,61771.0,,2020,41
2020-10-17,,,,,,,58923.0,,2020,42
2020-10-24,,,,,,,63046.0,,2020,43
2020-10-31,,,,,,,67166.0,,2020,44
2020-11-07,,,,,,,66842.0,,2020,45
2020-11-14,,,,,,,66102.0,,2020,46
2020-11-21,,,,,,,62800.0,,2020,47
2020-11-28,,,,,,,42739.0,,2020,48
2020-12-05,,,,,,,69026.0,,2020,49
2020-12-12,,,,,,,69501.0,,2020,50
2020-12-19,,,,,,,69699.0,,2020,51
2020-12-26,,,,,,,43376.0,,2020,52
2021-01-02,,,,,,,44658.0,,2021,1
2021-01-09,,,,,,,70686.0,,2021,2
2021-01-16,,,,,,,67774.0,,2021,3
2021-01-23,,,,,,,65433.0,,2021,4
2021-01-30,,,,,,,66844.0,,2021,5
2021-02-06,,,,,,,64307.0,,2021,6
2021-02-13,,,,,,,58065.0,,2021,7
2021-02-20,,,,,,,52636.0,,2021,8
2021-02-27,,,,,,,66237.0,,2021,9
2021-03-06,,,,,,,67457.0,,2021,10
2021-03-13,,,,,,,70787.0,,2021,11
2021-03-20,,,,,,,67137.0,,2021,12
2021-03-27,,,,,,,65127.0,,2021,13
2021-04-03,,,,,,,58035.0,,2021,14
2021-04-10,,,,,,,65824.0,,2021,15
2021-04-17,,,,,,,61514.0,,2021,16
2021-04-24,,,,,,,63557.0,,2021,17
2021-05-01,,,,,,,59536.0,,2021,18
2021-05-08,,,,,,,58663.0,,2021,19
2021-05-15,,,,,,,61489.0,,2021,20
2021-05-22,,,,,,,60066.0,,2021,21
2021-05-29,,,,,,,62217.0,,2021,22
2021-06-05,,,,,,,49921.0,,2021,23
2021-06-12,,,,,,,62227.0,,2021,24
2021-06-19,,,,,,,62702.0,,2021,25
2021-06-26,,,,,,,59654.0,,2021,26
2021-07-03,,,,,,,56186.0,,2021,27
2021-07-10,,,,,,,47997.0,,2021,28
2021-07-17,,,,,,,60863.0,,2021,29
2021-07-24,,,,,,,58582.0,,2021,30
2021-07-31,,,,,,,57126.0,,2021,31
2021-08-07,,,,,,,59087.0,,2021,32
2021-08-14,,,,,,,58168.0,,2021,33
2021-08-21,,,,,,,57772.0,,2021,34
2021-08-28,,,,,,,59778.0,,2021,35
2021-09-04,,,,,,,57782.0,,2021,36
2021-09-11,,,,,,,50764.0,,2021,37
2021-09-18,,,,,,,58419.0,,2021,38
2021-09-25,,,,,,,58713.0,,2021,39
2021-10-02,,,,,,,60568.0,,2021,40
2021-10-09,,,,,,,59767.0,,2021,41
2021-10-16,,,,,,,56876.0,,2021,42
2021-10-23,,,,,,,60434.0,,2021,43
2021-10-30,,,,,,,57931.0,,2021,44
2021-11-06,,,,,,,60618.0,,2021,45
2021-11-13,,,,,,,60866.0,,2021,46
2021-11-20,,,,,,,62195.0,,2021,47
2021-11-27,,,,,,,41115.0,,2021,48
2021-12-04,,,,,,,62772.0,,2021,49
2021-12-11,,,,,,,62652.0,,2021,50
2021-12-18,,,,,,,65236.0,,2021,51
2021-12-25,,,,,,,47978.0,,2021,52
2022-01-01,,,,,,,44985.0,,2022,1
2022-01-08,,,,,,,57536.0,,2022,2
2022-01-15,,,,,,,63197.0,,2022,3
2022-01-22,,,,,,,58510.0,,2022,4
2022-01-29,,,,,,,61194.0,,2022,5
2022-02-05,,,,,,,56690.0,,2022,6
2022-02-12,,,,,,,61018.0,,2022,7
2022-02-19,,,,,,,61584.0,,2022,8
2022-02-26,,,,,,,59187.0,,2022,9
2022-03-05,,,,,,,63987.0,,2022,10
2022-03-12,,,,,,,61929.0,,2022,11
2022-03-19,,,,,,,61222.0,,2022,12
2022-03-26,,,,,,,58134.0,,2022,13
2022-04-02,,,,,,,62492.0,,2022,14
2022-04-09,,,,,,,59432.0,,2022,15
2022-04-16,,,,,,,56014.0,,2022,16
2022-04-23,,,,,,,56964.0,,2022,17
2022-04-30,,,,,,,57412.0,,2022,18
2022-05-07,,,,,,,56952.0,,2022,19
2022-05-14,,,,,,,56394.0,,2022,20
2022-05-21,,,,,,,62565.0,,2022,21
2022-05-28,,,,,,,57325.0,,2022,22
2022-06-04,,,,,,,49140.0,,2022,23
2022-06-11,,,,,,,60277.0,,2022,24
2022-06-18,,,,,,,61390.0,,2022,25
2022-06-25,,,,,,,61323.0,,2022,26
2022-07-02,,,,,,,60298.0,,2022,27
2022-07-09,,,,,,,51736.0,,2022,28
2022-07-16,,,,,,,60241.0,,2022,29
2022-07-23,,,,,,,55529.0,,2022,30
2022-07-30,,,,,,,58749.0,,2022,31
2022-08-06,,,,,,,58356.0,,2022,32
2022-08-13,,,,,,,58607.0,,2022,33
2022-08-20,,,,,,,59409.0,,2022,34
2022-08-27,,,,,,,59934.0,,2022,35
2022-09-03,,,,,,,62239.0,,2022,36
2022-09-10,,,,,,,52352.0,,2022,37
2022-09-17,,,,,,,65727.0,,2022,38
2022-09-24,,,,,,,58527.0,,2022,39
2022-10-01,,,,,,,57968.0,,2022,40
2022-10-08,,,,,,,66316.0,,2022,41
2022-10-15,,,,,,,63859.0,,2022,42
2022-10-22,,,,,,,62473.0,,2022,43
2022-10-29,,,,,,,60332.0,,2022,44
2022-11-05,,,,,,,61472.0,,2022,45
2022-11-12,,,,,,,59808.0,,2022,46
2022-11-19,,,,,,,61233.0,,2022,47
2022-11-26,,,,,,,42133.0,,2022,48
2022-12-03,,,,,,,66769.0,,2022,49
2022-12-10,,,,,,,62720.0,,2022,50
2022-12-17,,,,,,,61884.0,,2022,51
2022-12-24,,,,,,,49932.0,,2022,52
2022-12-31,,,,,,,47956.0,,2022,53
2023-01-02,01/19/2023 10:00:03,Livestock,Federally Inspected Slaughter (Actual),Head Slaughtered,Slaughter Hogs,Sows,55659.0,Head,2023,1
2023-01-09,01/26/2023 10:00:01,Livestock,Federally Inspected Slaughter (Actual),Head Slaughtered,Slaughter Hogs,Sows,64466.0,Head,2023,2
2023-01-16,02/02/2023 10:00:02,Livestock,Federally Inspected Slaughter (Actual),Head Slaughtered,Slaughter Hogs,Sows,59987.0,Head,2023,3
2023-01-23,02/09/2023 10:00:03,Livestock,Federally Inspected Slaughter (Actual),Head Slaughtered,Slaughter Hogs,Sows,64565.0,Head,2023,4
2023-01-30,02/16/2023 10:00:02,Livestock,Federally Inspected Slaughter (Actual),Head Slaughtered,Slaughter Hogs,Sows,60036.0,Head,2023,5
2023-02-06,02/23/2023 10:00:02,Livestock,Federally Inspected Slaughter (Actual),Head Slaughtered,Slaughter Hogs,Sows,59479.0,Head,2023,6
2023-02-13,03/02/2023 10:00:02,Livestock,Federally Inspected Slaughter (Actual),Head Slaughtered,Slaughter Hogs,Sows,60299.0,Head,2023,7
2023-02-20,03/09/2023 10:00:03,Livestock,Federally Inspected Slaughter (Actual),Head Slaughtered,Slaughter Hogs,Sows,57211.0,Head,2023,8
2023-02-27,03/16/2023 10:00:02,Livestock,Federally Inspected Slaughter (Actual),Head Slaughtered,Slaughter Hogs,Sows,62522.0,Head,2023,9
2023-03-06,03/23/2023 10:00:02,Livestock,Federally Inspected Slaughter (Actual),Head Slaughtered,Slaughter Hogs,Sows,59335.0,Head,2023,10
2023-03-13,03/30/2023 10:00:03,Livestock,Federally Inspected Slaughter (Actual),Head Slaughtered,Slaughter Hogs,Sows,59946.0,Head,2023,11
2023-03-20,04/06/2023 10:00:02,Livestock,Federally Inspected Slaughter (Actual),Head Slaughtered,Slaughter Hogs,Sows,59785.0,Head,2023,12
2023-03-27,04/13/2023 10:00:02,Livestock,Federally Inspected Slaughter (Actual),Head Slaughtered,Slaughter Hogs,Sows,57739.0,Head,2023,13
2023-04-03,04/20/2023 10:00:02,Livestock,Federally Inspected Slaughter (Actual),Head Slaughtered,Slaughter Hogs,Sows,53377.0,Head,2023,14
2023-04-10,04/27/2023 10:00:02,Livestock,Federally Inspected Slaughter (Actual),Head Slaughtered,Slaughter Hogs,Sows,58147.0,Head,2023,15
2023-04-17,05/04/2023 10:00:02,Livestock,Federally Inspected Slaughter (Actual),Head Slaughtered,Slaughter Hogs,Sows,55906.0,Head,2023,16
2023-04-24,05/11/2023 10:00:02,Livestock,Federally Inspected Slaughter (Actual),Head Slaughtered,Slaughter Hogs,Sows,60190.0,Head,2023,17
2023-05-01,05/18/2023 10:00:02,Livestock,Federally Inspected Slaughter (Actual),Head Slaughtered,Slaughter Hogs,Sows,60391.0,Head,2023,18
2023-05-08,05/25/2023 10:00:02,Livestock,Federally Inspected Slaughter (Actual),Head Slaughtered,Slaughter Hogs,Sows,62857.0,Head,2023,19
2023-05-15,06/01/2023 10:00:03,Livestock,Federally Inspected Slaughter (Actual),Head Slaughtered,Slaughter Hogs,Sows,64932.0,Head,2023,20
2023-05-22,06/08/2023 10:00:03,Livestock,Federally Inspected Slaughter (Actual),Head Slaughtered,Slaughter Hogs,Sows,59428.0,Head,2023,21
2023-05-29,06/15/2023 10:00:01,Livestock,Federally Inspected Slaughter (Actual),Head Slaughtered,Slaughter Hogs,Sows,55167.0,Head,2023,22
2023-06-05,06/22/2023 10:00:03,Livestock,Federally Inspected Slaughter (Actual),Head Slaughtered,Slaughter Hogs,Sows,66861.0,Head,2023,23
2023-06-12,06/29/2023 10:00:02,Livestock,Federally Inspected Slaughter (Actual),Head Slaughtered,Slaughter Hogs,Sows,65834.0,Head,2023,24
2023-06-19,07/06/2023 10:00:02,Livestock,Federally Inspected Slaughter (Actual),Head Slaughtered,Slaughter Hogs,Sows,64760.0,Head,2023,25
2023-06-26,07/13/2023 10:00:02,Livestock,Federally Inspected Slaughter (Actual),Head Slaughtered,Slaughter Hogs,Sows,67029.0,Head,2023,26
2023-07-03,07/20/2023 10:00:02,Livestock,Federally Inspected Slaughter (Actual),Head Slaughtered,Slaughter Hogs,Sows,50381.0,Head,2023,27
2023-07-10,07/27/2023 10:00:02,Livestock,Federally Inspected Slaughter (Actual),Head Slaughtered,Slaughter Hogs,Sows,70493.0,Head,2023,28
2023-07-17,08/03/2023 10:00:02,Livestock,Federally Inspected Slaughter (Actual),Head Slaughtered,Slaughter Hogs,Sows,69794.0,Head,2023,29
2023-07-24,08/10/2023 10:00:02,Livestock,Federally Inspected Slaughter (Actual),Head Slaughtered,Slaughter Hogs,Sows,66208.0,Head,2023,30
2023-07-31,08/17/2023 10:00:02,Livestock,Federally Inspected Slaughter (Actual),Head Slaughtered,Slaughter Hogs,Sows,63575.0,Head,2023,31
2023-08-07,08/24/2023 10:00:02,Livestock,Federally Inspected Slaughter (Actual),Head Slaughtered,Slaughter Hogs,Sows,63986.0,Head,2023,32
2023-08-14,08/31/2023 10:00:01,Livestock,Federally Inspected Slaughter (Actual),Head Slaughtered,Slaughter Hogs,Sows,66140.0,Head,2023,33
2023-08-21,09/07/2023 10:00:02,Livestock,Federally Inspected Slaughter (Actual),Head Slaughtered,Slaughter Hogs,Sows,64670.0,Head,2023,34
2023-08-28,09/14/2023 10:00:03,Livestock,Federally Inspected Slaughter (Actual),Head Slaughtered,Slaughter Hogs,Sows,58051.0,Head,2023,35
2023-09-04,09/21/2023 10:00:02,Livestock,Federally Inspected Slaughter (Actual),Head Slaughtered,Slaughter Hogs,Sows,51407.0,Head,2023,36
2023-09-11,09/28/2023 10:00:02,Livestock,Federally Inspected Slaughter (Actual),Head Slaughtered,Slaughter Hogs,Sows,64107.0,Head,2023,37
2023-09-18,10/05/2023 10:00:02,Livestock,Federally Inspected Slaughter (Actual),Head Slaughtered,Slaughter Hogs,Sows,66308.0,Head,2023,38
2023-09-25,10/12/2023 10:00:02,Livestock,Federally Inspected Slaughter (Actual),Head Slaughtered,Slaughter Hogs,Sows,68844.0,Head,2023,39
2023-10-02,10/19/2023 10:00:02,Livestock,Federally Inspected Slaughter (Actual),Head Slaughtered,Slaughter Hogs,Sows,65783.0,Head,2023,40
2023-10-09,10/26/2023 10:00:04,Livestock,Federally Inspected Slaughter (Actual),Head Slaughtered,Slaughter Hogs,Sows,62522.0,Head,2023,41
2023-10-16,11/02/2023 10:00:02,Livestock,Federally Inspected Slaughter (Actual),Head Slaughtered,Slaughter Hogs,Sows,61322.0,Head,2023,42
2023-10-23,11/09/2023 10:00:04,Livestock,Federally Inspected Slaughter (Actual),Head Slaughtered,Slaughter Hogs,Sows,62520.0,Head,2023,43
2023-10-30,11/16/2023 10:00:02,Livestock,Federally Inspected Slaughter (Actual),Head Slaughtered,Slaughter Hogs,Sows,60146.0,Head,2023,44
2023-11-06,11/24/2023 10:00:04,Livestock,Federally Inspected Slaughter (Actual),Head Slaughtered,Slaughter Hogs,Sows,62706.0,Head,2023,45
2023-11-13,11/30/2023 10:00:03,Livestock,Federally Inspected Slaughter (Actual),Head Slaughtered,Slaughter Hogs,Sows,65307.0,Head,2023,46
2023-11-20,12/07/2023 10:00:02,Livestock,Federally Inspected Slaughter (Actual),Head Slaughtered,Slaughter Hogs,Sows,40969.0,Head,2023,47
2023-11-27,12/14/2023 10:00:02,Livestock,Federally Inspected Slaughter (Actual),Head Slaughtered,Slaughter Hogs,Sows,68368.0,Head,2023,48
2023-12-04,12/21/2023 10:00:02,Livestock,Federally Inspected Slaughter (Actual),Head Slaughtered,Slaughter Hogs,Sows,61700.0,Head,2023,49
2023-12-11,12/28/2023 10:00:01,Livestock,Federally Inspected Slaughter (Actual),Head Slaughtered,Slaughter Hogs,Sows,67231.0,Head,2023,50
2023-12-18,01/04/2024 10:00:02,Livestock,Federally Inspected Slaughter (Actual),Head Slaughtered,Slaughter Hogs,Sows,61444.0,Head,2023,51
2023-12-25,01/11/2024 10:00:02,Livestock,Federally Inspected Slaughter (Actual),Head Slaughtered,Slaughter Hogs,Sows,48035.0,Head,2023,52
2024-01-01,01/18/2024 10:00:02,Livestock,Federally Inspected Slaughter (Actual),Head Slaughtered,Slaughter Hogs,Sows,50778.0,Head,2024,1
2024-01-08,01/25/2024 10:00:02,Livestock,Federally Inspected Slaughter (Actual),Head Slaughtered,Slaughter Hogs,Sows,66523.0,Head,2024,2
2024-01-15,02/01/2024 10:00:02,Livestock,Federally Inspected Slaughter (Actual),Head Slaughtered,Slaughter Hogs,Sows,57435.0,Head,2024,3
2024-01-22,02/08/2024 10:00:01,Livestock,Federally Inspected Slaughter (Actual),Head Slaughtered,Slaughter Hogs,Sows,70622.0,Head,2024,4
2024-01-29,02/15/2024 10:00:02,Livestock,Federally Inspected Slaughter (Actual),Head Slaughtered,Slaughter Hogs,Sows,67661.0,Head,2024,5
2024-02-05,02/22/2024 10:00:02,Livestock,Federally Inspected Slaughter (Actual),Head Slaughtered,Slaughter Hogs,Sows,67271.0,Head,2024,6
2024-02-12,02/29/2024 10:00:01,Livestock,Federally Inspected Slaughter (Actual),Head Slaughtered,Slaughter Hogs,Sows,63960.0,Head,2024,7
2024-02-19,03/07/2024 10:00:02,Livestock,Federally Inspected Slaughter (Actual),Head Slaughtered,Slaughter Hogs,Sows,64147.0,Head,2024,8
2024-02-26,03/14/2024 10:00:02,Livestock,Federally Inspected Slaughter (Actual),Head Slaughtered,Slaughter Hogs,Sows,66388.0,Head,2024,9
2024-03-04,03/21/2024 10:00:01,Livestock,Federally Inspected Slaughter (Actual),Head Slaughtered,Slaughter Hogs,Sows,62902.0,Head,2024,10
2024-03-11,03/28/2024 10:00:02,Livestock,Federally Inspected Slaughter (Actual),Head Slaughtered,Slaughter Hogs,Sows,62877.0,Head,2024,11
2024-03-18,04/04/2024 10:00:02,Livestock,Federally Inspected Slaughter (Actual),Head Slaughtered,Slaughter Hogs,Sows,62266.0,Head,2024,12
2024-03-25,04/11/2024 10:00:02,Livestock,Federally Inspected Slaughter (Actual),Head Slaughtered,Slaughter Hogs,Sows,57513.0,Head,2024,13
2024-04-01,04/18/2024 10:00:02,Livestock,Federally Inspected Slaughter (Actual),Head Slaughtered,Slaughter Hogs,Sows,61305.0,Head,2024,14
2024-04-08,04/25/2024 10:00:01,Livestock,Federally Inspected Slaughter (Actual),Head Slaughtered,Slaughter Hogs,Sows,63888.0,Head,2024,15
2024-04-15,05/02/2024 10:00:02,Livestock,Federally Inspected Slaughter (Actual),Head Slaughtered,Slaughter Hogs,Sows,63965.0,Head,2024,16
2024-04-22,05/09/2024 10:00:02,Livestock,Federally Inspected Slaughter (Actual),Head Slaughtered,Slaughter Hogs,Sows,60296.0,Head,2024,17
2024-04-29,05/16/2024 10:00:02,Livestock,Federally Inspected Slaughter (Actual),Head Slaughtered,Slaughter Hogs,Sows,60089.0,Head,2024,18
2024-05-06,05/23/2024 10:00:01,Livestock,Federally Inspected Slaughter (Actual),Head Slaughtered,Slaughter Hogs,Sows,65644.0,Head,2024,19
2024-05-13,05/30/2024 10:00:01,Livestock,Federally Inspected Slaughter (Actual),Head Slaughtered,Slaughter Hogs,Sows,66340.0,Head,2024,20
2024-05-20,06/06/2024 10:00:01,Livestock,Federally Inspected Slaughter (Actual),Head Slaughtered,Slaughter Hogs,Sows,61706.0,Head,2024,21
2024-05-27,06/13/2024 10:00:01,Livestock,Federally Inspected Slaughter (Actual),Head Slaughtered,Slaughter Hogs,Sows,53631.0,Head,2024,22
2024-06-03,06/20/2024 10:19:02,Livestock,Federally Inspected Slaughter (Actual),Head Slaughtered,Slaughter Hogs,Sows,63603.0,Head,2024,23
2024-06-10,06/27/2024 10:00:01,Livestock,Federally Inspected Slaughter (Actual),Head Slaughtered,Slaughter Hogs,Sows,63889.0,Head,2024,24
2024-06-17,07/05/2024 10:00:02,Livestock,Federally Inspected Slaughter (Actual),Head Slaughtered,Slaughter Hogs,Sows,63858.0,Head,2024,25
2024-06-24,07/11/2024 10:00:01,Livestock,Federally Inspected Slaughter (Actual),Head Slaughtered,Slaughter Hogs,Sows,63314.0,Head,2024,26
2024-07-01,07/18/2024 10:00:01,Livestock,Federally Inspected Slaughter (Actual),Head Slaughtered,Slaughter Hogs,Sows,41653.0,Head,2024,27
2024-07-08,07/25/2024 10:00:01,Livestock,Federally Inspected Slaughter (Actual),Head Slaughtered,Slaughter Hogs,Sows,62565.0,Head,2024,28
2024-07-15,08/01/2024 10:00:01,Livestock,Federally Inspected Slaughter (Actual),Head Slaughtered,Slaughter Hogs,Sows,59420.0,Head,2024,29
2024-07-22,08/08/2024 10:19:25,Livestock,Federally Inspected Slaughter (Actual),Head Slaughtered,Slaughter Hogs,Sows,59508.0,Head,2024,30
2024-07-29,08/15/2024 10:00:01,Livestock,Federally Inspected Slaughter (Actual),Head Slaughtered,Slaughter Hogs,Sows,59235.0,Head,2024,31
2024-08-05,08/22/2024 10:00:01,Livestock,Federally Inspected Slaughter (Actual),Head Slaughtered,Slaughter Hogs,Sows,57741.0,Head,2024,32
2024-08-12,08/29/2024 10:00:02,Livestock,Federally Inspected Slaughter (Actual),Head Slaughtered,Slaughter Hogs,Sows,54819.0,Head,2024,33
2024-08-19,09/05/2024 10:00:01,Livestock,Federally Inspected Slaughter (Actual),Head Slaughtered,Slaughter Hogs,Sows,58163.0,Head,2024,34
2024-08-26,09/12/2024 10:00:02,Livestock,Federally Inspected Slaughter (Actual),Head Slaughtered,Slaughter Hogs,Sows,55841.0,Head,2024,35
2024-09-02,09/19/2024 10:00:01,Livestock,Federally Inspected Slaughter (Actual),Head Slaughtered,Slaughter Hogs,Sows,52206.0,Head,2024,36
2024-09-09,09/26/2024 10:00:02,Livestock,Federally Inspected Slaughter (Actual),Head Slaughtered,Slaughter Hogs,Sows,61017.0,Head,2024,37
2024-09-16,10/03/2024 10:00:02,Livestock,Federally Inspected Slaughter (Actual),Head Slaughtered,Slaughter Hogs,Sows,59010.0,Head,2024,38
2024-09-23,10/10/2024 11:58:11,Livestock,Federally Inspected Slaughter (Actual),Head Slaughtered,Slaughter Hogs,Sows,58740.0,Head,2024,39
2024-09-30,10/17/2024 10:00:02,Livestock,Federally Inspected Slaughter (Actual),Head Slaughtered,Slaughter Hogs,Sows,60032.0,Head,2024,40
2024-10-07,10/24/2024 11:57:10,Livestock,Federally Inspected Slaughter (Actual),Head Slaughtered,Slaughter Hogs,Sows,57022.0,Head,2024,41
2024-10-14,10/31/2024 10:00:01,Livestock,Federally Inspected Slaughter (Actual),Head Slaughtered,Slaughter Hogs,Sows,60478.0,Head,2024,42
2024-10-21,11/07/2024 10:00:01,Livestock,Federally Inspected Slaughter (Actual),Head Slaughtered,Slaughter Hogs,Sows,59399.0,Head,2024,43
2024-10-28,11/14/2024 10:00:02,Livestock,Federally Inspected Slaughter (Actual),Head Slaughtered,Slaughter Hogs,Sows,62673.0,Head,2024,44
2024-11-04,11/21/2024 10:00:01,Livestock,Federally Inspected Slaughter (Actual),Head Slaughtered,Slaughter Hogs,Sows,62782.0,Head,2024,45
2024-11-11,11/29/2024 10:00:02,Livestock,Federally Inspected Slaughter (Actual),Head Slaughtered,Slaughter Hogs,Sows,59002.0,Head,2024,46
2024-11-18,12/05/2024 10:00:01,Livestock,Federally Inspected Slaughter (Actual),Head Slaughtered,Slaughter Hogs,Sows,64658.0,Head,2024,47
2024-11-25,12/12/2024 10:00:02,Livestock,Federally Inspected Slaughter (Actual),Head Slaughtered,Slaughter Hogs,Sows,40375.0,Head,2024,48
2024-12-02,12/19/2024 10:00:01,Livestock,Federally Inspected Slaughter (Actual),Head Slaughtered,Slaughter Hogs,Sows,67587.0,Head,2024,49
2024-12-09,12/26/2024 10:00:01,Livestock,Federally Inspected Slaughter (Actual),Head Slaughtered,Slaughter Hogs,Sows,67941.0,Head,2024,50
2024-12-16,01/02/2025 10:00:01,Livestock,Federally Inspected Slaughter (Actual),Head Slaughtered,Slaughter Hogs,Sows,62231.0,Head,2024,51
2024-12-23,01/10/2025 10:00:01,Livestock,Federally Inspected Slaughter (Actual),Head Slaughtered,Slaughter Hogs,Sows,32514.0,Head,2024,52
2024-12-30,01/16/2025 10:00:02,Livestock,Federally Inspected Slaughter (Actual),Head Slaughtered,Slaughter Hogs,Sows,46204.0,Head,2024,53
2025-01-06,01/23/2025 10:00:01,Livestock,Federally Inspected Slaughter (Actual),Head Slaughtered,Slaughter Hogs,Sows,59857.0,Head,2025,2
2025-01-13,01/30/2025 10:00:01,Livestock,Federally Inspected Slaughter (Actual),Head Slaughtered,Slaughter Hogs,Sows,66886.0,Head,2025,3
2025-01-20,02/06/2025 10:00:02,Livestock,Federally Inspected Slaughter (Actual),Head Slaughtered,Slaughter Hogs,Sows,60089.0,Head,2025,4
2025-01-27,02/13/2025 10:00:02,Livestock,Federally Inspected Slaughter (Actual),Head Slaughtered,Slaughter Hogs,Sows,58602.0,Head,2025,5
2025-02-03,02/20/2025 10:00:02,Livestock,Federally Inspected Slaughter (Actual),Head Slaughtered,Slaughter Hogs,Sows,61144.0,Head,2025,6
2025-02-10,02/27/2025 10:00:02,Livestock,Federally Inspected Slaughter (Actual),Head Slaughtered,Slaughter Hogs,Sows,57969.0,Head,2025,7
2025-02-17,03/06/2025 10:00:02,Livestock,Federally Inspected Slaughter (Actual),Head Slaughtered,Slaughter Hogs,Sows,62010.0,Head,2025,8
2025-02-24,03/13/2025 10:00:02,Livestock,Federally Inspected Slaughter (Actual),Head Slaughtered,Slaughter Hogs,Sows,60295.0,Head,2025,9
2025-03-03,03/20/2025 10:00:03,Livestock,Federally Inspected Slaughter (Actual),Head Slaughtered,Slaughter Hogs,Sows,62173.0,Head,2025,10
2025-03-10,03/27/2025 10:00:02,Livestock,Federally Inspected Slaughter (Actual),Head Slaughtered,Slaughter Hogs,Sows,60070.0,Head,2025,11
2025-03-17,04/03/2025 10:00:02,Livestock,Federally Inspected Slaughter (Actual),Head Slaughtered,Slaughter Hogs,Sows,60865.0,Head,2025,12
2025-03-24,04/10/2025 10:00:02,Livestock,Federally Inspected Slaughter (Actual),Head Slaughtered,Slaughter Hogs,Sows,58694.0,Head,2025,13
2025-03-31,04/17/2025 10:00:02,Livestock,Federally Inspected Slaughter (Actual),Head Slaughtered,Slaughter Hogs,Sows,61496.0,Head,2025,14
2025-04-07,04/24/2025 10:00:02,Livestock,Federally Inspected Slaughter (Actual),Head Slaughtered,Slaughter Hogs,Sows,59196.0,Head,2025,15
2025-04-14,05/01/2025 10:00:02,Livestock,Federally Inspected Slaughter (Actual),Head Slaughtered,Slaughter Hogs,Sows,55563.0,Head,2025,16
2025-04-21,05/08/2025 10:00:02,Livestock,Federally Inspected Slaughter (Actual),Head Slaughtered,Slaughter Hogs,Sows,59670.0,Head,2025,17
2025-04-28,05/15/2025 10:00:02,Livestock,Federally Inspected Slaughter (Actual),Head Slaughtered,Slaughter Hogs,Sows,60849.0,Head,2025,18
2025-05-05,05/22/2025 10:00:02,Livestock,Federally Inspected Slaughter (Actual),Head Slaughtered,Slaughter Hogs,Sows,56925.0,Head,2025,19
2025-05-12,05/29/2025 10:00:02,Livestock,Federally Inspected Slaughter (Actual),Head Slaughtered,Slaughter Hogs,Sows,59121.0,Head,2025,20
2025-05-19,06/05/2025 10:00:01,Livestock,Federally Inspected Slaughter (Actual),Head Slaughtered,Slaughter Hogs,Sows,56510.0,Head,2025,21
2025-05-26,06/12/2025 10:00:02,Livestock,Federally Inspected Slaughter (Actual),Head Slaughtered,Slaughter Hogs,Sows,53639.0,Head,2025,22
2025-06-02,06/20/2025 10:00:02,Livestock,Federally Inspected Slaughter (Actual),Head Slaughtered,Slaughter Hogs,Sows,62071.0,Head,2025,23
2025-06-09,06/26/2025 10:00:01,Livestock,Federally Inspected Slaughter (Actual),Head Slaughtered,Slaughter Hogs,Sows,63035.0,Head,2025,24
2025-06-16,07/03/2025 10:00:02,Livestock,Federally Inspected Slaughter (Actual),Head Slaughtered,Slaughter Hogs,Sows,55998.0,Head,2025,25
2025-06-23,07/10/2025 10:00:02,Livestock,Federally Inspected Slaughter (Actual),Head Slaughtered,Slaughter Hogs,Sows,56361.0,Head,2025,26
2025-06-30,07/17/2025 10:00:01,Livestock,Federally Inspected Slaughter (Actual),Head Slaughtered,Slaughter Hogs,Sows,43898.0,Head,2025,27
2025-07-07,07/24/2025 10:00:02,Livestock,Federally Inspected Slaughter (Actual),Head Slaughtered,Slaughter Hogs,Sows,57949.0,Head,2025,28
2025-07-14,07/31/2025 10:00:01,Livestock,Federally Inspected Slaughter (Actual),Head Slaughtered,Slaughter Hogs,Sows,56515.0,Head,2025,29
2025-07-21,08/07/2025 10:00:02,Livestock,Federally Inspected Slaughter (Actual),Head Slaughtered,Slaughter Hogs,Sows,57059.0,Head,2025,30
2025-07-28,08/14/2025 10:00:04,Livestock,Federally Inspected Slaughter (Actual),Head Slaughtered,Slaughter Hogs,Sows,54849.0,Head,2025,31
2025-08-04,08/21/2025 10:00:03,Livestock,Federally Inspected Slaughter (Actual),Head Slaughtered,Slaughter Hogs,Sows,54751.0,Head,2025,32
2025-08-11,08/28/2025 10:00:02,Livestock,Federally Inspected Slaughter (Actual),Head Slaughtered,Slaughter Hogs,Sows,53189.0,Head,2025,33
2025-08-18,09/04/2025 10:00:02,Livestock,Federally Inspected Slaughter (Actual),Head Slaughtered,Slaughter Hogs,Sows,53279.0,Head,2025,34
2025-08-25,09/11/2025 10:00:02,Livestock,Federally Inspected Slaughter (Actual),Head Slaughtered,Slaughter Hogs,Sows,52808.0,Head,2025,35
2025-09-01,09/18/2025 10:00:04,Livestock,Federally Inspected Slaughter (Actual),Head Slaughtered,Slaughter Hogs,Sows,44421.0,Head,2025,36
2025-09-08,09/25/2025 10:00:02,Livestock,Federally Inspected Slaughter (Actual),Head Slaughtered,Slaughter Hogs,Sows,58895.0,Head,2025,37
2025-09-15,11/18/2025 12:17:23,Livestock,Federally Inspected Slaughter (Actual),Head Slaughtered,Slaughter Hogs,Sows,57090.0,Head,2025,38
2025-09-22,11/18/2025 12:19:13,Livestock,Federally Inspected Slaughter (Actual),Head Slaughtered,Slaughter Hogs,Sows,57662.0,Head,2025,39
2025-09-29,11/18/2025 12:20:26,Livestock,Federally Inspected Slaughter (Actual),Head Slaughtered,Slaughter Hogs,Sows,59319.0,Head,2025,40
2025-10-06,11/18/2025 12:22:12,Livestock,Federally Inspected Slaughter (Actual),Head Slaughtered,Slaughter Hogs,Sows,56817.0,Head,2025,41
2025-10-13,11/18/2025 12:23:38,Livestock,Federally Inspected Slaughter (Actual),Head Slaughtered,Slaughter Hogs,Sows,58101.0,Head,2025,42
2025-10-20,11/18/2025 12:24:29,Livestock,Federally Inspected Slaughter (Actual),Head Slaughtered,Slaughter Hogs,Sows,54826.0,Head,2025,43
2025-10-27,11/18/2025 12:25:24,Livestock,Federally Inspected Slaughter (Actual),Head Slaughtered,Slaughter Hogs,Sows,57016.0,Head,2025,44
2025-11-03,11/20/2025 08:29:32,Livestock,Federally Inspected Slaughter (Actual),Head Slaughtered,Slaughter Hogs,Sows,58142.0,Head,2025,45
2025-11-10,11/28/2025 08:14:27,Livestock,Federally Inspected Slaughter (Actual),Head Slaughtered,Slaughter Hogs,Sows,52282.0,Head,2025,46
2025-11-17,12/04/2025 10:00:03,Livestock,Federally Inspected Slaughter (Actual),Head Slaughtered,Slaughter Hogs,Sows,63443.0,Head,2025,47
